Year,Month,Longitude,Latitude,SST_Celsius,Population,SharkDensity
2022.0,12.0,30.48333,-30.83333,20.7,201851,0.0188679245283018
2022.0,7.0,-80.9828323,29.1760933,23.3,279668,0.0377358490566037
2022.0,7.0,33.8868439,27.0484448,22.5,20076002,0.0
2022.0,1.0,-82.73247233298102,27.529382,16.3,2136468,0.1698113207547169
2021.0,7.0,-80.16071626913461,27.18588305,23.3,279668,0.2452830188679245
2021.0,1.0,140.7004059,-38.0518869,22.1,447692,0.0
2020.0,5.0,-13.662726,29.076505,17.3,232388,0.0
2019.0,7.0,-86.8455342,21.1577882,24.2,22964,0.0566037735849056
2019.0,6.0,153.5878047,-28.7910334,19.3,447692,0.0
2019.0,4.0,-81.3931396,30.2946859,17.8,279668,0.0
2018.0,12.0,-73.60013,41.40537,17.8,5206593,0.0
2018.0,10.0,-80.83783,28.9491539,21.8,279668,0.0377358490566037
2018.0,9.0,136.58688005808932,-13.9805252,22.3,366862,0.0
2018.0,9.0,-88.395939,33.762587,23.3,5206593,0.0
2018.0,4.0,99.98164063084003,12.45357715,24.4,10156316,0.0
2018.0,4.0,-94.936592,29.5696734,17.8,21580827,0.0566037735849056
2017.0,10.0,-64.7155661,47.7053428,11.0,5723,0.0
2017.0,10.0,0.5941406,49.6948768,13.0,10900952,0.0
2017.0,8.0,-69.9614174,41.8910565,23.8,1363159,0.1509433962264151
2017.0,1.0,-34.9033955,-8.1235027,30.1,4469585,0.0
2016.0,7.0,-80.5603303,28.0683496,23.3,279668,0.0377358490566037
2016.0,6.0,-78.6800323,33.8278405,21.8,5206593,0.0
2016.0,3.0,150.85451672257915,-34.65930085,23.0,447692,0.0
2015.0,10.0,-96.077395,32.213296,21.8,21580827,0.0
2015.0,9.0,-81.3931396,30.2946859,23.3,279668,0.0
2015.0,8.0,-79.0430329,33.5499183,23.8,5206593,0.0
2015.0,6.0,18.460134,-34.321106,13.8,4430367,0.0
2015.0,4.0,-80.114479,26.906457,17.8,279668,0.2452830188679245
2015.0,1.0,-79.51973,8.9936,20.8,1783490,0.0
2014.0,8.0,-75.18583328346526,38.14859785,23.8,5206593,0.0
2014.0,7.0,-80.5662467,28.0914926,23.3,279668,0.0377358490566037
2012.0,12.0,-157.809503,21.2556924,18.7,30661,0.2075471698113207
2012.0,7.0,-125.9075155,49.1538091,12.8,1363159,0.0
2012.0,3.0,-2.2006772,47.2722991,8.4,34386,0.0
2011.0,12.0,-117.9501108,33.8528031,11.8,21580827,0.0
2011.0,6.0,-87.42592753140273,30.3180487,21.8,2136468,0.0
2011.0,5.0,-4.8588376,55.9483648,9.2,27171,0.0
2011.0,4.0,14.241523,53.09975,12.0,3552123,0.0
2010.0,9.0,-80.9271271,29.0258132,23.3,279668,0.0377358490566037
2010.0,6.0,-94.81164,29.28592,21.8,21580827,0.0566037735849056
2010.0,2.0,3.681195,50.043186,7.0,2049510,0.0
2010.0,2.0,6.769298,52.294415,7.0,1131690,0.0
2022.0,12.0,72.81433,31.61044,16.4,1061412,0.0
2022.0,6.0,-81.44705548790323,24.664590500000003,21.8,2136468,0.0188679245283018
2022.0,6.0,-123.859932,49.015233,11.3,1363159,0.0
2022.0,4.0,-80.037993,26.6915,17.8,279668,0.1320754716981132
2022.0,2.0,153.1096034,-27.2302079,25.9,447692,0.0566037735849056
2021.0,8.0,-80.236368,27.340924,23.8,279668,0.0
2021.0,4.0,-80.3975399,27.6387163,17.8,279668,0.0
2021.0,2.0,153.1291502608206,-27.692701999999997,25.6,447692,0.0754716981132075
2019.0,4.0,-81.24230475946248,29.738289,17.8,279668,0.0188679245283018
2018.0,11.0,-76.52078513640123,24.2707658,19.8,279668,0.0
2018.0,9.0,-69.9939858892793,41.96148525,23.3,1363159,0.1509433962264151
2018.0,4.0,-79.27330627976312,25.7032538,17.8,279668,0.1698113207547169
2018.0,2.0,145.584528,-38.25656,22.6,447692,0.0
2017.0,7.0,115.7548327,-31.9310469,16.9,281135,0.0
2017.0,6.0,145.017809,-38.47098,16.6,447692,0.0
2017.0,3.0,-80.9271271,29.0258132,16.3,279668,0.0377358490566037
2016.0,9.0,-80.9271271,29.0258132,23.3,279668,0.0377358490566037
2016.0,8.0,-80.9271271,29.0258132,23.8,279668,0.0377358490566037
2015.0,11.0,-80.65060425561052,28.68150735,19.8,279668,0.0377358490566037
2015.0,10.0,-80.65060425561052,28.68150735,21.8,279668,0.0377358490566037
2015.0,9.0,26.49444,59.39056,16.5,437027,0.0
2015.0,6.0,-79.78579264102592,32.78677625,21.8,5206593,0.0
2015.0,3.0,-95.494788,29.712913,16.3,21580827,0.0
2015.0,1.0,-87.6716922,38.901711,16.3,5206593,0.0
2014.0,11.0,153.1521065,-30.2059311,21.0,447692,0.1698113207547169
2014.0,10.0,-80.59698737553302,28.39213565,21.8,279668,0.0377358490566037
2014.0,3.0,-77.7644529,43.3408935,5.5,1363159,0.0
2013.0,10.0,-116.978653,45.790159,12.2,1363159,0.0
2013.0,9.0,-80.5603303,28.0683496,23.3,279668,0.0377358490566037
2012.0,10.0,-122.21493,37.0243413,14.9,21580827,0.7169811320754716
2012.0,9.0,152.900002,-27.378744,18.4,447692,0.0754716981132075
2012.0,9.0,-80.5603303,28.0683496,23.3,279668,0.0377358490566037
2012.0,7.0,-159.338534,22.009966,23.9,30661,0.0
2012.0,6.0,-80.0539253,26.8815475,21.8,279668,0.2452830188679245
2012.0,5.0,-121.1181443,35.5807058,13.2,21580827,0.0
2012.0,3.0,-70.91799461521902,43.0131133,5.5,1363159,0.0
2012.0,3.0,-80.9271271,29.0258132,16.3,279668,0.0377358490566037
2011.0,9.0,-118.565232,34.206102,17.3,21580827,0.0
2011.0,5.0,56.3478105,25.3491721,20.5,1419699,0.0
2011.0,2.0,176.91284,-38.1648,22.6,411346,0.0
2010.0,8.0,13.4458656,-20.8928349,15.7,404280,0.0
2010.0,7.0,-80.9271271,29.0258132,23.3,279668,0.0377358490566037
2022.0,10.0,-121.925784,36.624975,14.9,21580827,0.0
2022.0,7.0,127.9774759,26.5919599,25.4,2705791,0.0
2022.0,3.0,-80.0569927,26.6159698,16.3,279668,0.1320754716981132
2022.0,3.0,-75.9484148,4.3739074,22.3,10574409,0.0
2022.0,3.0,120.85,17.58333,21.1,13482468,0.0
2022.0,2.0,-80.6102592,28.3194741,15.8,279668,0.0377358490566037
2020.0,12.0,-156.6414705,21.0158672,18.7,0,0.0
2020.0,8.0,-79.9406093,32.6549967,23.8,5206593,0.0
2020.0,7.0,-80.9271271,29.0258132,23.3,279668,0.0377358490566037
2020.0,5.0,0.388413,52.620851,11.0,9046485,0.0
2019.0,11.0,34.9983856,32.8191218,18.1,275086,0.0
2019.0,7.0,-80.9271271,29.0258132,23.3,279668,0.0377358490566037
2019.0,5.0,-3.4102137207970724,55.9942296,11.0,27171,0.0
2019.0,3.0,-80.13991799627857,27.080492,16.3,279668,0.2452830188679245
2018.0,8.0,-76.7402108,34.6990505,23.8,5206593,0.0
2018.0,8.0,-94.6389136,29.4572611,23.8,21580827,0.0
2018.0,7.0,-80.9271271,29.0258132,23.3,279668,0.0377358490566037
2018.0,5.0,123.87075,-16.39813,25.2,281135,0.0
2018.0,4.0,-83.75368026091502,41.7187975,17.8,5206593,0.0
2017.0,9.0,153.36534589120652,-29.4095634,17.8,447692,0.0188679245283018
2017.0,9.0,-67.80864630668714,44.49765965,12.5,1363159,0.0
2017.0,7.0,-79.1517111,33.3690565,23.3,5206593,0.0
2016.0,12.0,115.75158325035817,-31.8773458,22.4,281135,0.0
2016.0,9.0,144.2824517159807,-38.36898495,15.1,447692,0.0
2016.0,3.0,-80.3686621,27.5561462,16.3,279668,0.0
2016.0,2.0,144.6361724,-40.9338966,21.7,447692,0.0
2016.0,1.0,-159.5091667,22.21,16.9,30661,0.0
2015.0,9.0,-118.8928612057692,34.03920555,17.3,21580827,0.0
2014.0,12.0,-18.673522,64.779262,4.5,216364,0.0
2014.0,11.0,-108.23315,37.442674,12.9,21580827,0.0
2013.0,9.0,-81.0557921,29.2854132,23.3,279668,0.0188679245283018
2013.0,3.0,-52.70654176712439,47.5630467,11.1,5723,0.0
2012.0,10.0,-156.4410367355069,20.6539101,22.7,0,0.0
2012.0,8.0,-1.269031,53.118877,15.0,9046485,0.0
2012.0,6.0,-78.426672,33.8943393,21.8,5206593,0.0
2011.0,11.0,153.0961801,-26.4810973,22.2,447692,0.0
2011.0,10.0,-121.8169383456945,36.62593,14.9,21580827,0.0
2011.0,10.0,-87.6893826,30.2711224,21.8,2136468,0.0
2011.0,8.0,-77.9072081,33.9968399,23.8,5206593,0.0
2011.0,7.0,-34.88194991085768,-8.094506249999998,23.1,4469585,0.0
2011.0,3.0,34.295447,27.8644422,15.5,20076002,0.0
2010.0,12.0,-156.4529879461996,20.8747708,18.7,0,0.0
2010.0,12.0,-156.305445,20.788413,18.7,0,0.0
2010.0,10.0,136.46139206584118,-35.1547688,17.5,447692,0.0
2010.0,1.0,142.21892059042744,-10.57864585,30.2,366862,0.0188679245283018
2010.0,1.0,27.9244827,-32.9729225,21.6,201851,0.0188679245283018
2022.0,8.0,117.9306,-35.08639,15.5,447692,0.0188679245283018
2022.0,5.0,120.4267779,15.4409113,25.5,13482468,0.0
2022.0,5.0,-151.76798225053454,-16.5178904,21.9,136005,0.0
2021.0,12.0,-82.73247233298102,27.529382,17.8,2136468,0.1698113207547169
2021.0,6.0,-80.9271271,29.0258132,21.8,279668,0.0377358490566037
2021.0,4.0,-149.17121147510602,-17.80966095,23.6,136005,0.0
2021.0,1.0,-80.10971009544465,26.2374724,16.3,279668,0.0188679245283018
2020.0,10.0,-77.0382187,34.6653135,21.8,5206593,0.0
2020.0,4.0,-80.6102592,28.3194741,17.8,279668,0.0377358490566037
2020.0,3.0,174.7350172,-36.6202005,22.4,411346,0.0754716981132075
2019.0,11.0,-80.6102592,28.3194741,19.8,279668,0.0377358490566037
2019.0,6.0,-76.8041976009442,25.5394781,21.8,279668,0.0
2019.0,2.0,136.58688005808932,-13.9805252,29.8,366862,0.0
2018.0,11.0,9.114271,50.283325,11.0,119752,0.0
2018.0,9.0,-80.9369983,29.0963729,23.3,279668,0.0377358490566037
2018.0,4.0,153.5878047,-28.7910334,23.3,447692,0.0
2018.0,4.0,-77.38165,39.61427,17.8,5206593,0.0
2018.0,4.0,99.98164063084003,12.45357715,24.4,10156316,0.0
2018.0,4.0,-47.4252319,-23.7074096,23.8,4469585,0.0
2018.0,1.0,-90.6912244,47.9540577,5.5,1363159,0.0
2017.0,4.0,30.48333,-30.83333,20.7,201851,0.0188679245283018
2016.0,12.0,-145.1763391639576,-14.63233395,24.5,136005,0.0
2016.0,2.0,153.4192647873341,-27.8357175,25.6,447692,0.0566037735849056
2015.0,6.0,23.380142737891877,-34.045853,15.8,4430367,0.1132075471698113
2015.0,3.0,34.893817,25.069992,15.5,20076002,0.0
2015.0,3.0,-155.82575643186394,19.99224725,17.5,0,0.0377358490566037
2014.0,12.0,150.6087871232121,-35.173658700000004,21.5,447692,0.0377358490566037
2014.0,10.0,-119.985823,34.7136533,15.5,21580827,0.0
2014.0,5.0,152.4793789497159,-32.21646425,20.4,447692,0.0
2014.0,1.0,-18.673522,64.779262,3.0,216364,0.0
2012.0,6.0,-78.8900409,33.6956461,21.8,5206593,0.0
2012.0,6.0,-78.8900409,33.6956461,21.8,5206593,0.0
2012.0,5.0,-75.689295,35.215573,19.8,5206593,0.0
2012.0,2.0,18.227222,-31.755556,20.4,4430367,0.0
2011.0,10.0,-3.088846,57.6726898,10.6,27171,0.0
2011.0,9.0,-159.55876775017003,22.050466550000003,23.9,30661,0.0
2011.0,3.0,179.96263,-16.16091,28.7,178339,0.0
2010.0,6.0,-80.4821328,32.3223759,21.8,5206593,0.0
2022.0,12.0,10.130049,50.012041,9.0,119752,0.0
2022.0,10.0,-159.55876775017003,22.050466550000003,22.4,30661,0.0
2022.0,7.0,33.8868439,27.0484448,22.5,20076002,0.0
2022.0,2.0,-85.69226196213228,10.5579948,19.7,1047923,0.0
2021.0,7.0,-80.8469427,31.9987321,23.3,5206593,0.0
2021.0,4.0,-80.1635261,25.6968351,17.8,279668,0.0566037735849056
2021.0,3.0,-80.1433786,26.1223084,16.3,279668,0.0188679245283018
2021.0,3.0,166.5363795991953,-20.40843955,27.5,197787,0.0
2021.0,1.0,-0.0081294482240402,51.508313099999995,7.5,9046485,0.0
2021.0,1.0,-80.6102592,28.3194741,16.3,279668,0.0377358490566037
2020.0,9.0,-156.4491481,20.7247791,24.2,0,0.0
2020.0,9.0,-155.839005,19.970122,24.5,0,0.0377358490566037
2020.0,6.0,31.0827778,-29.73,17.0,201851,0.0
2020.0,5.0,-119.5965173,34.4213845,13.8,21580827,0.0943396226415094
2020.0,4.0,151.70825447669318,-23.29589265,25.1,447692,0.0188679245283018
2020.0,1.0,168.2305268,-46.4387778,19.7,411346,0.0377358490566037
2020.0,1.0,-70.1862051,-17.9388968,22.1,1814087,0.0
2019.0,12.0,-156.44973151460266,20.72778925,18.7,0,0.0
2019.0,8.0,-80.1433786,26.1223084,23.8,279668,0.0188679245283018
2019.0,5.0,-82.26204,26.74896,19.8,2136468,0.0
2019.0,3.0,-155.813889,19.926876,17.5,0,0.0377358490566037
2019.0,2.0,-159.5091667,22.21,16.4,30661,0.0
2018.0,7.0,-57.621656,-34.26054,15.3,14966530,0.0
2017.0,10.0,152.08121011636692,-32.786596599999996,18.1,447692,0.0
2017.0,10.0,8.766299,54.385819,13.0,1320826,0.0
2016.0,8.0,55.2265631,-21.0309795,17.7,147209,0.0188679245283018
2016.0,7.0,-0.5201291114891506,38.2511969,17.5,2693542,0.0
2016.0,7.0,153.071264,-26.723974,18.4,447692,0.0
2016.0,5.0,-117.8737398,33.5995916,13.8,21580827,0.0377358490566037
2015.0,10.0,-94.7933252,29.3056996,21.8,21580827,0.0566037735849056
2015.0,7.0,141.7858267638407,-38.25569435,15.1,447692,0.0
2015.0,7.0,55.2881932,-21.1677694,18.2,147209,0.0
2015.0,6.0,153.5837114938711,-28.6155104,19.3,447692,0.0
2014.0,12.0,31.009909,-29.861825,21.0,201851,0.0
2014.0,10.0,-156.44639965521395,20.763395,22.7,0,0.0
2014.0,7.0,-16.5527258,28.4151878,21.1,232388,0.0
2014.0,7.0,107.06400184790972,20.7609394,27.2,4282738,0.0
2014.0,4.0,-80.9271271,29.0258132,17.8,279668,0.0377358490566037
2014.0,4.0,149.9850271,-36.7284498,20.9,447692,0.1132075471698113
2013.0,11.0,-74.0543036,40.0717828,19.8,5206593,0.0
2013.0,10.0,-156.44189366786708,20.89977655,22.7,0,0.0
2013.0,9.0,-80.9271271,29.0258132,23.3,279668,0.0377358490566037
2013.0,7.0,-156.4436696461002,20.6905308,24.2,0,0.0
2013.0,6.0,-124.20301040108598,47.2059855,11.9,1363159,0.0
2012.0,6.0,115.739269,-31.779677,18.4,281135,0.0
2011.0,11.0,125.679695,7.063686,27.9,11410,0.0
2011.0,7.0,-74.61832235823022,39.44065465,23.3,5206593,0.0
2011.0,6.0,30.832794475,-30.22989895,17.0,201851,0.0
2011.0,5.0,-81.3856384,30.2396865,19.8,279668,0.0
2011.0,5.0,-81.0557921,29.2854132,19.8,279668,0.0188679245283018
2011.0,1.0,29.534373,-31.64071,21.9,201851,0.0566037735849056
2010.0,11.0,-69.61487003494634,18.4570748,21.6,3172152,0.0
2010.0,10.0,118.40001739573384,-34.8801321,17.5,447692,0.0
2010.0,7.0,-79.54626029456522,43.586508,12.5,1363159,0.0
2010.0,5.0,48.255,-13.3,24.1,6180,0.0
2010.0,2.0,-95.494788,29.712913,15.8,21580827,0.0
2022.0,10.0,-70.3453008,41.6367773,21.8,1363159,0.0188679245283018
2022.0,7.0,-80.9271271,29.0258132,23.3,279668,0.0377358490566037
2022.0,6.0,9.587239,54.479305,13.0,1320826,0.0
2022.0,4.0,7.964385,48.816164,9.3,119752,0.0
2022.0,2.0,-120.3643817,34.033118,9.8,21580827,0.0
2021.0,12.0,-81.39849379360793,30.3442658,17.8,279668,0.0
2021.0,10.0,-123.06814965031306,38.33872845,14.6,21580827,0.0377358490566037
2021.0,4.0,-156.0016667,19.8241667,19.0,0,0.0377358490566037
2021.0,4.0,116.8478592,-20.7370067,25.7,281135,0.0
2021.0,3.0,-80.0539253,26.8815475,16.3,279668,0.2452830188679245
2020.0,11.0,122.2136937,-17.9328115,24.6,281135,0.0
2020.0,9.0,118.793617,9.8798611,30.5,13482468,0.0
2020.0,7.0,-80.9271271,29.0258132,23.3,279668,0.0377358490566037
2020.0,3.0,145.7721854,-16.9206657,28.4,366862,0.0
2020.0,3.0,179.98988,-16.17127,28.7,178339,0.0
2019.0,10.0,148.956176,-20.351821,22.0,366862,0.1698113207547169
2019.0,5.0,-74.1757169,39.6496005,19.8,5206593,0.0
2019.0,5.0,-7.124961621292175,43.5539156,12.8,6497124,0.0
2019.0,4.0,-155.8897838,19.9154922,19.0,0,0.0377358490566037
2018.0,12.0,174.7899404,-36.3160135,21.2,411346,0.0566037735849056
2018.0,10.0,-79.05562,35.836123,21.8,5206593,0.0
2018.0,7.0,-81.3145395,29.8946952,23.3,279668,0.0
2018.0,7.0,-80.65060425561052,28.68150735,23.3,279668,0.0377358490566037
2018.0,2.0,-40.1721991,-19.5687682,27.0,4469585,0.0
2017.0,10.0,-80.03754,26.78506,21.8,279668,0.2452830188679245
2017.0,9.0,121.8931606,-33.858228,16.3,447692,0.0
2016.0,10.0,-123.9858194008117,45.9430675,12.2,1363159,0.0188679245283018
2016.0,8.0,-81.3800824,30.2274645,23.8,279668,0.0
2016.0,6.0,-79.83133553033889,32.770151,21.8,5206593,0.0
2016.0,3.0,-156.6221108,20.811858,17.2,0,0.0
2015.0,6.0,-78.426672,33.8943393,21.8,5206593,0.0
2015.0,6.0,-80.60851227500001,28.33658225,21.8,279668,0.0377358490566037
2015.0,5.0,-147.7122831,-14.9397476,22.5,136005,0.0188679245283018
2015.0,3.0,-142.66871,-17.54584,25.1,136005,0.0
2014.0,10.0,-80.5603303,28.0683496,21.8,279668,0.0377358490566037
2014.0,9.0,-80.9271271,29.0258132,23.3,279668,0.0377358490566037
2014.0,8.0,-84.9618537,29.6729916,23.8,2136468,0.0
2014.0,8.0,-80.60851227500001,28.33658225,23.8,279668,0.0377358490566037
2014.0,2.0,128.49336681367822,-66.66477085,13.9,447692,0.0
2013.0,7.0,-158.046774,21.305153,24.2,30661,0.2075471698113207
2012.0,11.0,153.1131848665925,-26.6852565,21.9,447692,0.0
2012.0,9.0,-80.60851227500001,28.33658225,23.3,279668,0.0377358490566037
2012.0,3.0,152.92949693997366,-31.4463697,24.2,447692,0.0188679245283018
2011.0,12.0,9.0107886,48.6872119,9.3,5470,0.0
2011.0,12.0,-0.3370679567963692,51.416862550000005,9.0,9046485,0.0
2011.0,11.0,-121.4938309,37.0532901,12.9,21580827,0.0
2011.0,7.0,-72.099466,41.321975,23.3,5206593,0.0
2011.0,6.0,-77.43163,34.4901665,21.8,5206593,0.0377358490566037
2011.0,1.0,-87.8359632,18.2703769,18.1,22964,0.0
2010.0,8.0,-61.824679,17.108788,25.9,20764,0.0
2010.0,4.0,-159.5091667,22.21,18.4,30661,0.0
2022.0,10.0,138.5205924,-35.0322783,17.5,447692,0.0188679245283018
2021.0,12.0,171.3987682,-42.1295359,19.4,411346,0.0
2021.0,9.0,-80.9369983,29.0963729,23.3,279668,0.0377358490566037
2021.0,8.0,153.44873819512986,-27.564732900000003,17.6,447692,0.0188679245283018
2021.0,7.0,-80.9369983,29.0963729,23.3,279668,0.0377358490566037
2021.0,7.0,-74.0259399,40.6292647,23.3,5206593,0.0188679245283018
2021.0,5.0,138.4473418,-35.2963894,19.5,447692,0.0
2021.0,5.0,-64.679527,18.347155,21.6,15137,0.0
2021.0,3.0,-80.3975399,27.6387163,16.3,279668,0.0
2021.0,1.0,151.61098690621913,-33.0657425,23.6,447692,0.1509433962264151
2020.0,8.0,-78.8900409,33.6956461,23.8,5206593,0.0
2020.0,7.0,145.99456274913973,-16.9312865,21.4,366862,0.0
2020.0,5.0,146.3332122,-18.5275241,24.3,366862,0.0377358490566037
2020.0,1.0,121.8931606,-33.858228,23.3,447692,0.0
2019.0,6.0,-81.0323281,32.0487979,21.8,5206593,0.0
2019.0,2.0,31.7565591,-28.9557332,23.3,68010,0.0
2019.0,2.0,-80.1635261,25.6968351,15.8,279668,0.0566037735849056
2018.0,10.0,-157.8264334,21.2725844,22.7,30661,0.2075471698113207
2018.0,10.0,-117.2523168,32.9950303,16.1,21580827,0.320754716981132
2018.0,9.0,-117.146651,32.956135,17.6,21580827,0.0
2017.0,11.0,-121.9416932,36.5648881,12.9,21580827,0.0
2017.0,10.0,-13.285824,8.488129,25.6,1135949,0.0
2017.0,8.0,34.63782434339299,25.5685088,23.0,20076002,0.0
2017.0,4.0,-81.3145395,29.8946952,17.8,279668,0.0
2016.0,12.0,22.513069,-33.981629,19.8,4430367,0.0188679245283018
2016.0,10.0,-81.41534028069897,30.38425255,21.8,279668,0.0
2016.0,7.0,147.5234993,-42.9899255,13.6,447692,0.0
2016.0,5.0,-80.0830984,26.3586885,19.8,279668,0.1320754716981132
2016.0,4.0,121.629116,25.100385,20.5,2705791,0.0
2016.0,1.0,56.328537,25.124892,17.0,1419699,0.0
2015.0,9.0,-81.4559,30.61147,23.3,279668,0.0
2015.0,9.0,98.2934247483523,7.84395745,29.1,7563912,0.0
2015.0,7.0,-77.550022,34.43284,23.3,5206593,0.0377358490566037
2015.0,4.0,-82.82602787788147,41.65787975,17.8,5206593,0.0
2014.0,12.0,-120.86155658944108,35.293805250000005,11.5,21580827,0.0
2014.0,12.0,-95.603341,35.439468,17.8,5206593,0.0
2014.0,10.0,-119.7006062372549,34.4009409,15.8,21580827,0.0943396226415094
2014.0,8.0,-77.75808806783176,34.2701077,23.8,5206593,0.0
2014.0,6.0,123.9595243,-16.3789278,23.2,281135,0.0
2014.0,5.0,-6.699256908842367,53.68197665,9.8,1201426,0.0
2014.0,3.0,-80.0728201,26.4614625,16.3,279668,0.1320754716981132
2014.0,2.0,-151.01346965159058,-16.72858845,25.9,136005,0.0
2013.0,12.0,-70.733441,43.177708,7.0,1363159,0.0188679245283018
2013.0,11.0,115.755646,-31.875075,20.4,281135,0.0
2013.0,7.0,-79.7880359,32.7867697,23.3,5206593,0.0
2013.0,4.0,-80.076173,26.526863,17.8,279668,0.1320754716981132
2013.0,3.0,-76.1305518,25.0864501,16.3,279668,0.0
2013.0,1.0,175.79334747708964,-36.609584549999994,22.4,411346,0.0
2012.0,10.0,-80.13991799627857,27.080492,21.8,279668,0.2452830188679245
2012.0,7.0,-70.02105051914985,42.00054875,12.5,1363159,0.1509433962264151
2012.0,6.0,-156.674697,20.979507,22.7,0,0.0
2012.0,3.0,-80.9271271,29.0258132,16.3,279668,0.0377358490566037
2011.0,9.0,-78.6800323,33.8278405,23.3,5206593,0.0
2011.0,9.0,-70.733441,43.177708,12.5,1363159,0.0188679245283018
2011.0,4.0,-80.0650293,26.784343,17.8,279668,0.2452830188679245
2010.0,8.0,126.54825445912049,33.38034745,24.1,9963497,0.0
2010.0,7.0,-83.930523,43.662287,12.5,1363159,0.0
2010.0,6.0,109.232667,13.770409,27.8,1952329,0.0
2010.0,6.0,-81.3856384,30.2396865,21.8,279668,0.0
2010.0,2.0,148.93284326980898,-20.35923885,28.0,366862,0.1698113207547169
2022.0,9.0,-81.0903512,24.7137524,23.3,2136468,0.0377358490566037
2022.0,4.0,-80.6127027095099,24.9362785,17.8,2136468,0.0754716981132075
2022.0,3.0,-80.9271271,29.0258132,16.3,279668,0.0377358490566037
2022.0,1.0,150.6954555348664,-35.1135765,23.0,447692,0.0377358490566037
2021.0,7.0,-73.5029044,40.5945469,23.3,5206593,0.0188679245283018
2021.0,7.0,-47.4252319,-23.7074096,18.3,4469585,0.0
2021.0,1.0,-32.43898607414894,-3.84975155,31.3,4469585,0.0
2020.0,9.0,-74.180857,41.320776,23.3,5206593,0.0
2020.0,9.0,-80.82051123947215,28.888210800000003,23.3,279668,0.0377358490566037
2020.0,3.0,-80.9271271,29.0258132,16.3,279668,0.0377358490566037
2020.0,2.0,-156.4390415,20.6871749,16.7,0,0.0
2019.0,6.0,-77.15528898454684,25.105065850000003,21.8,279668,0.0377358490566037
2019.0,5.0,168.27513808830548,-17.0542997,24.9,52690,0.0
2018.0,12.0,-0.123656797641027,51.5610463,9.0,9046485,0.0
2018.0,9.0,-80.3256056,27.4467056,23.3,279668,0.0
2018.0,2.0,31.009909,-29.861825,23.0,201851,0.0
2018.0,1.0,-77.38165,39.61427,16.3,5206593,0.0
2017.0,12.0,-60.86973,14.47212,20.8,79361,0.0
2017.0,11.0,151.4344444,-33.465,20.1,447692,0.0
2017.0,9.0,19.131667,-34.388611,12.3,4430367,0.0
2017.0,8.0,174.53333,-35.6,15.2,411346,0.0188679245283018
2017.0,7.0,-81.660992,30.369914,23.3,279668,0.0
2017.0,6.0,-80.0375408,26.7850625,21.8,279668,0.2452830188679245
2017.0,6.0,115.638324,-33.327283,18.1,281135,0.0
2017.0,5.0,141.8710861,-12.6386641,26.1,366862,0.0
2016.0,10.0,-81.41534028069897,30.38425255,21.8,279668,0.0
2016.0,10.0,153.1408585072595,-26.80463215,19.9,447692,0.0566037735849056
2016.0,9.0,-158.214426,21.461657,24.2,30661,0.2075471698113207
2016.0,6.0,-81.1269982,29.4749927,21.8,279668,0.0188679245283018
2016.0,6.0,153.5761111,-28.2566667,19.6,447692,0.0
2016.0,3.0,-81.948145,26.4520248,16.3,2136468,0.0566037735849056
2015.0,10.0,-83.674656,41.078792,21.8,5206593,0.0
2015.0,7.0,-81.0228331,29.2108147,23.3,279668,0.0377358490566037
2014.0,10.0,-80.9271271,29.0258132,21.8,279668,0.0377358490566037
2014.0,6.0,-80.330419,32.558715,21.8,5206593,0.0
2013.0,11.0,-80.4970188,27.9462734,19.8,279668,0.0377358490566037
2013.0,9.0,-80.9271271,29.0258132,23.3,279668,0.0377358490566037
2013.0,8.0,-100.449271,25.664959,23.8,21580827,0.0
2013.0,8.0,-82.1137049,26.440359,23.8,2136468,0.0566037735849056
2013.0,7.0,145.017809,-38.47098,15.1,447692,0.0
2013.0,5.0,100.0615581745176,9.49051135,27.3,10156316,0.0
2013.0,1.0,25.59940872903608,-33.93779205,21.3,201851,0.0
2012.0,12.0,121.49089601107625,22.6562977,21.1,2705791,0.0
2012.0,10.0,-156.44189366786708,20.89977655,22.7,0,0.0
2012.0,9.0,-80.9271271,29.0258132,23.3,279668,0.0377358490566037
2012.0,9.0,-81.27149,29.844949,23.3,279668,0.0
2012.0,9.0,-156.40801376699957,20.9089792,24.2,0,0.0
2012.0,5.0,-118.327082,33.345158,14.1,21580827,0.0188679245283018
2012.0,2.0,152.32007141302046,-32.617282,24.1,447692,0.0754716981132075
2011.0,12.0,151.2456824,-33.9453441,21.8,447692,0.0188679245283018
2011.0,2.0,-53.2212114,3.6240135,23.8,57506,0.0
2010.0,1.0,109.232667,13.770409,22.3,1952329,0.0
2010.0,1.0,109.232667,13.770409,22.3,1952329,0.0
2022.0,9.0,-70.385003,43.466709,12.5,1363159,0.0
2022.0,7.0,1.717042,52.418576,14.5,9046485,0.0
2022.0,3.0,-89.253418,37.5314386,16.3,5206593,0.0
2022.0,2.0,107.06400184790972,20.7609394,19.7,4282738,0.0
2021.0,1.0,175.943247,-37.4117888,22.4,411346,0.0754716981132075
2020.0,12.0,-123.9395774262978,45.9758952,8.2,1363159,0.0188679245283018
2020.0,11.0,152.91801514286178,-31.428344000000003,20.7,447692,0.0188679245283018
2020.0,8.0,-81.288363,29.882931,23.8,279668,0.0
2020.0,7.0,153.29139863542434,-29.8199535,17.5,447692,0.0377358490566037
2020.0,6.0,-75.4729347,35.54018,21.8,5206593,0.0377358490566037
2020.0,4.0,151.4474949465191,-33.43083205,22.1,447692,0.0
2020.0,1.0,150.88246121438996,-34.517329450000005,23.0,447692,0.0
2019.0,5.0,-74.352182,41.153457,19.8,5206593,0.0
2018.0,9.0,-76.949061,18.4069363,25.1,589083,0.0
2018.0,8.0,-87.842652,42.492155,13.0,5206593,0.0
2018.0,6.0,-81.3994118,31.163622,21.8,279668,0.0
2018.0,5.0,145.77365282675595,-16.9186011,24.9,366862,0.0
2018.0,4.0,28.052656464467027,43.30379575,13.1,1821380,0.0
2018.0,3.0,-80.6571157,27.9963768,16.3,279668,0.0377358490566037
2018.0,1.0,-143.568626,-16.6205914,25.4,136005,0.0
2017.0,11.0,-158.21607146723647,21.4665875,20.7,30661,0.2075471698113207
2017.0,7.0,-77.67576,43.310804,12.5,1363159,0.0
2017.0,4.0,-151.9311111,59.3547222,7.3,18406,0.0
2017.0,4.0,-80.5603303,28.0683496,17.8,279668,0.0377358490566037
2017.0,4.0,-81.0228331,29.2108147,17.8,279668,0.0377358490566037
2016.0,9.0,-81.3800824,30.2274645,23.3,279668,0.0
2016.0,7.0,-118.396769,33.792396,17.3,21580827,0.0
2016.0,5.0,18.54456,-33.835056,15.8,4430367,0.0
2016.0,3.0,-48.598626,-27.022919,24.4,3222199,0.0
2016.0,1.0,-159.5091667,22.21,16.9,30661,0.0
2015.0,10.0,102.337624,2.322985,31.4,7563912,0.0
2015.0,8.0,-120.86503268374642,35.39266105,17.5,21580827,0.0
2015.0,8.0,-120.849901,35.3658075,17.5,21580827,0.0
2015.0,8.0,-119.985823,34.7136533,17.5,21580827,0.0
2015.0,5.0,18.8573,10.1183,23.0,1322679,0.0
2014.0,8.0,113.4084344,-24.4774865,18.8,10516927,0.0
2014.0,7.0,-80.9271271,29.0258132,23.3,279668,0.0377358490566037
2014.0,5.0,-80.8469427,31.9987321,19.8,5206593,0.0
2013.0,11.0,-156.45654,20.741705,20.7,0,0.0
2013.0,10.0,113.8876247,-22.0960185,21.4,10516927,0.0377358490566037
2013.0,10.0,-156.4956999,20.9208377,22.7,0,0.0
2013.0,4.0,153.1880565,-30.1694411,23.0,447692,0.1698113207547169
2012.0,11.0,-157.8264334,21.2725844,20.7,30661,0.2075471698113207
2012.0,8.0,-146.88331354609022,-15.66136275,18.2,136005,0.0
2012.0,7.0,136.46139206584118,-35.1547688,16.0,447692,0.0
2012.0,6.0,-72.220631,21.784315,22.4,5447,0.0
2012.0,6.0,-78.8900409,33.6956461,21.8,5206593,0.0
2012.0,4.0,-106.729664,34.80613,17.8,21580827,0.0
2012.0,1.0,113.770165,-23.1436752,26.6,10516927,0.0754716981132075
2011.0,11.0,-54.05608221169366,49.71052315,14.0,5723,0.0
2011.0,9.0,-120.635061,35.130328,17.0,21580827,0.0188679245283018
2011.0,8.0,-75.52331203881798,35.2581815,23.8,5206593,0.0377358490566037
2011.0,8.0,-78.3038892,33.9135061,23.8,5206593,0.0
2011.0,7.0,9.737825273412698,52.37745845,14.5,3552123,0.0
2010.0,10.0,-67.011201,44.914052,11.0,1363159,0.0188679245283018
2010.0,10.0,-76.96749196517237,26.5288141,21.8,279668,0.0
2010.0,7.0,-80.0964326,26.192028,23.3,279668,0.0188679245283018
2010.0,1.0,-78.65225189487064,33.853809850000005,16.3,5206593,0.0
2010.0,1.0,109.232667,13.770409,22.3,1952329,0.0
2010.0,1.0,9.200036,50.200404,7.5,119752,0.0
2022.0,10.0,-124.227898,43.377451,13.1,21580827,0.0
2022.0,9.0,-77.17178880647343,24.03980025,23.3,279668,0.0
2022.0,6.0,-81.57019735010883,24.7552924,21.8,2136468,0.0
2022.0,1.0,151.2942716,-33.690306,23.3,447692,0.0
2021.0,12.0,-87.70787,18.7165847,19.3,22964,0.0
2021.0,10.0,-80.2129211,46.0550003,11.0,1363159,0.0
2021.0,7.0,-80.9369983,29.0963729,23.3,279668,0.0377358490566037
2020.0,10.0,-53.96063,47.7235,16.6,5723,0.0
2020.0,9.0,-82.780389,27.920859,23.3,2136468,0.0566037735849056
2020.0,9.0,-80.25567726584178,27.22089615,23.3,279668,0.0
2020.0,8.0,-80.81711,35.19534,23.8,5206593,0.0
2020.0,7.0,118.793617,9.8798611,30.5,13482468,0.0
2020.0,5.0,-121.8519513,36.9237571,12.9,21580827,0.7169811320754716
2019.0,12.0,27.888413,-32.995213,20.1,201851,0.0188679245283018
2019.0,7.0,-81.3931396,30.2946859,23.3,279668,0.0
2019.0,6.0,-76.69236137025939,34.6987266,21.8,5206593,0.0
2018.0,12.0,173.9110995,-35.0339202,21.5,411346,0.0
2018.0,8.0,-118.0000166,33.6783336,17.8,21580827,0.0377358490566037
2018.0,5.0,-79.7880359,32.7867697,19.8,5206593,0.0
2018.0,4.0,-156.494229,20.885745,18.7,0,0.0
2017.0,5.0,-118.0706056,33.7179231,13.8,21580827,0.0377358490566037
2017.0,4.0,-81.0557921,29.2854132,17.8,279668,0.0188679245283018
2017.0,2.0,-92.35838,34.659278,15.8,5206593,0.0
2017.0,2.0,-32.420733,-3.846635,31.8,4469585,0.0
2017.0,1.0,6.865651,52.483372,7.5,1131690,0.0
2016.0,12.0,-75.155649,39.953265,17.8,5206593,0.0
2016.0,11.0,-156.44740074805583,20.72133105,20.7,0,0.0
2016.0,7.0,-118.0823511,33.7277995,17.3,21580827,0.0377358490566037
2016.0,7.0,145.66854498757334,-16.747201,21.4,366862,0.0188679245283018
2016.0,6.0,-159.35172239903682,21.96022935,22.4,30661,0.0
2016.0,6.0,-94.9369341717906,29.20555215,21.8,21580827,0.0754716981132075
2016.0,4.0,-143.568626,-16.6205914,23.9,136005,0.0
2015.0,11.0,-80.0361517,26.7056172,19.8,279668,0.1320754716981132
2015.0,10.0,-94.442234,49.6091309,11.0,1363159,0.0
2015.0,10.0,28.442726,-26.092945,18.2,68010,0.0
2015.0,9.0,-80.9271271,29.0258132,23.3,279668,0.0377358490566037
2015.0,8.0,-0.157783476809866,38.5321187,18.0,2693542,0.0
2015.0,2.0,-61.5369196,16.2554873,18.2,58397,0.0
2014.0,6.0,138.101306,-35.606205,17.2,447692,0.0
2013.0,10.0,-1.775971,51.341783,13.0,9046485,0.0
2013.0,10.0,-86.4957834,30.3935337,21.8,2136468,0.0
2013.0,9.0,-80.07059498915211,26.92914025,23.3,279668,0.2452830188679245
2013.0,6.0,-80.6926069,32.3790843,21.8,5206593,0.0
2013.0,2.0,-88.025,15.50417,18.2,1363041,0.0
2012.0,11.0,-156.4410367355069,20.6539101,20.7,0,0.0
2012.0,10.0,-80.6041264,28.4010469,21.8,279668,0.0377358490566037
2012.0,6.0,-78.8900409,33.6956461,21.8,5206593,0.0
2012.0,2.0,153.1280207808735,-26.755654,25.9,447692,0.0566037735849056
2011.0,12.0,153.5844444,-28.715,23.3,447692,0.0
2011.0,6.0,-106.647296,35.0834079,21.8,21580827,0.0
2011.0,4.0,-97.2780467,30.0738294,17.8,21580827,0.0
2011.0,3.0,152.739994,-31.53345,23.9,447692,0.0
2011.0,2.0,153.1117838,-26.4051292,26.2,447692,0.0
2010.0,9.0,-124.17378858948894,43.67760655,14.3,21580827,0.0
2010.0,8.0,146.7718075,-19.2095464,20.3,366862,0.0754716981132075
2010.0,7.0,-81.3931396,30.2946859,23.3,279668,0.0
2010.0,6.0,-77.53021869456106,34.443730900000006,21.8,5206593,0.0377358490566037
2010.0,5.0,152.9754159,-31.314908,20.7,447692,0.0188679245283018
2010.0,5.0,-80.9271271,29.0258132,19.8,279668,0.0377358490566037
2022.0,8.0,-121.9066666082507,36.6233941,16.9,21580827,0.0
2022.0,7.0,-78.14653247050776,33.9134789,23.3,5206593,0.0
2022.0,6.0,-78.8900409,33.6956461,21.8,5206593,0.0
2022.0,1.0,117.94304635054442,-35.0913009,23.0,447692,0.0188679245283018
2021.0,7.0,115.5782296,-20.652273,20.2,281135,0.0
2021.0,7.0,32.566841,0.332561,31.5,2986352,0.0
2021.0,4.0,166.40190174956027,-22.2649896,25.4,197787,0.0
2020.0,12.0,-117.1766947,32.6915199,12.1,21580827,0.0188679245283018
2019.0,10.0,-80.9271271,29.0258132,21.8,279668,0.0377358490566037
2019.0,5.0,152.105413,-24.727112,22.5,447692,0.0
2019.0,2.0,-32.43898607414894,-3.84975155,31.8,4469585,0.0
2018.0,11.0,-80.0539253,26.8815475,19.8,279668,0.2452830188679245
2018.0,8.0,-77.2673598,26.6780828,23.8,279668,0.0
2018.0,8.0,34.893817,25.069992,23.0,20076002,0.0
2018.0,5.0,0.901645,52.218064,11.0,9046485,0.0
2018.0,2.0,-95.538815,29.525609,15.8,21580827,0.0
2017.0,9.0,-81.40284284733937,30.37095535,23.3,279668,0.0
2017.0,7.0,-80.7512616,32.1618488,23.3,5206593,0.0
2017.0,4.0,-80.9271271,29.0258132,17.8,279668,0.0377358490566037
2016.0,10.0,-109.058803,44.572828,12.5,1363159,0.0
2016.0,9.0,-80.9271271,29.0258132,23.3,279668,0.0377358490566037
2016.0,9.0,144.4525983,-38.283703,15.1,447692,0.0
2016.0,4.0,-80.037993,26.6915,17.8,279668,0.1320754716981132
2016.0,3.0,74.337993,32.7674322,14.6,1061412,0.0
2015.0,10.0,-80.0996306,26.318342,21.8,279668,0.1320754716981132
2015.0,10.0,-157.8285713,21.2793568,22.7,30661,0.2075471698113207
2015.0,9.0,-81.2928499,29.9188576,23.3,279668,0.0
2015.0,8.0,123.9450935,10.3323968,31.0,13482468,0.0
2015.0,6.0,-81.3931396,30.2946859,21.8,279668,0.0
2015.0,6.0,9.737825273412698,52.37745845,13.0,3552123,0.0
2015.0,5.0,-79.83133553033889,32.770151,19.8,5206593,0.0
2015.0,4.0,150.22642811564947,-35.8043335,21.2,447692,0.0188679245283018
2015.0,1.0,-13.285824,8.488129,20.1,1135949,0.0
2014.0,7.0,-77.8580398,34.1254492,23.3,5206593,0.0
2014.0,5.0,-81.3931396,30.2946859,19.8,279668,0.0
2013.0,2.0,174.4387813,-36.8249997,22.9,411346,0.0
2012.0,12.0,-159.55876775017003,22.050466550000003,18.4,30661,0.0
2012.0,7.0,-113.955069,51.076288,12.2,1363159,0.0
2012.0,4.0,-82.1137049,26.440359,17.8,2136468,0.0566037735849056
2012.0,3.0,-80.65060425561052,28.68150735,16.3,279668,0.0377358490566037
2011.0,9.0,-80.9271271,29.0258132,23.3,279668,0.0377358490566037
2011.0,9.0,-80.9271271,29.0258132,23.3,279668,0.0377358490566037
2011.0,6.0,-86.4484336,16.3608168,24.2,1363041,0.0188679245283018
2010.0,7.0,-94.7933252,29.3056996,23.3,21580827,0.0566037735849056
2010.0,2.0,76.24243744599272,9.96377465,21.0,599821,0.0
2010.0,1.0,144.3598004,-38.1493084,22.1,447692,0.0
2022.0,7.0,-80.52662,28.45077,23.3,279668,0.0377358490566037
2022.0,2.0,121.961495,-33.830379,23.8,447692,0.0
2022.0,1.0,170.97264036518098,-45.1053227,20.0,411346,0.0
2022.0,1.0,115.3275614,-31.0067153,24.2,281135,0.0
2021.0,7.0,-77.7955907,34.2079917,23.3,5206593,0.0
2021.0,7.0,-82.731589,35.232996,23.3,5206593,0.0
2021.0,6.0,-81.417579,28.514603,21.8,279668,0.0
2021.0,4.0,30.9694876,-29.5866542,21.0,201851,0.0
2020.0,10.0,-122.941904,48.463065,11.6,1363159,0.0
2020.0,9.0,-80.5603303,28.0683496,23.3,279668,0.0377358490566037
2020.0,8.0,-77.57412315290213,34.46505775,23.8,5206593,0.0377358490566037
2020.0,7.0,-80.6102592,28.3194741,23.3,279668,0.0377358490566037
2020.0,6.0,-64.679527,18.347155,23.6,15137,0.0
2019.0,11.0,-117.5736037,33.3803575,14.1,21580827,0.0188679245283018
2019.0,5.0,178.12285193309967,-18.3911869,24.6,178339,0.8301886792452831
2019.0,2.0,-118.01402959047437,33.6976193,9.8,21580827,0.0377358490566037
2018.0,7.0,-80.38655100915688,25.12917345,23.3,2136468,0.0754716981132075
2018.0,6.0,153.6079901360164,-28.8429552,19.3,447692,0.0
2018.0,4.0,114.9859179,-33.976757,21.8,281135,0.0
2018.0,4.0,23.371219141913983,-34.080205,19.8,4430367,0.1132075471698113
2017.0,9.0,-97.3327459,32.753177,23.3,21580827,0.0
2017.0,9.0,137.8567153,34.7691864,23.3,37468302,0.0
2017.0,8.0,-0.1321222,39.7979847,18.0,6497124,0.0
2017.0,4.0,-81.0228331,29.2108147,17.8,279668,0.0377358490566037
2017.0,1.0,-82.731589,35.232996,16.3,5206593,0.0
2016.0,12.0,149.909846,-36.8882027,20.9,447692,0.0188679245283018
2016.0,6.0,-77.0580759,34.6554744,21.8,5206593,0.0
2016.0,6.0,115.7091824,-31.6897332,18.4,281135,0.0
2016.0,3.0,-80.03754,26.78506,16.3,279668,0.2452830188679245
2016.0,2.0,6.769298,52.294415,7.0,1131690,0.0
2016.0,1.0,-156.4431133209012,20.68256325,17.2,0,0.0
2015.0,10.0,7.409603,50.120037,13.0,119752,0.0
2015.0,9.0,-120.229162,34.474278,17.3,21580827,0.0
2015.0,7.0,153.4312097,-29.1174093,17.8,447692,0.0
2015.0,7.0,-118.0000166,33.6783336,17.3,21580827,0.0377358490566037
2015.0,6.0,-80.46341107493865,32.35187585,21.8,5206593,0.0
2015.0,1.0,-80.24648,25.701551,16.3,279668,0.0566037735849056
2014.0,10.0,-70.9073431224734,42.42180315,11.0,1363159,0.0
2014.0,5.0,11.480387158841468,48.78268135,14.3,5470,0.0
2014.0,4.0,-80.6102592,28.3194741,17.8,279668,0.0377358490566037
2014.0,1.0,-0.539695,52.397125,7.5,9046485,0.0
2013.0,8.0,-90.4309615,42.3225125,13.0,5206593,0.0
2013.0,5.0,-81.0557921,29.2854132,19.8,279668,0.0188679245283018
2013.0,5.0,55.22255864346492,-21.0571347,21.7,147209,0.0188679245283018
2013.0,4.0,-80.9271271,29.0258132,17.8,279668,0.0377358490566037
2012.0,10.0,-120.47076,34.663885,15.5,21580827,0.0
2012.0,6.0,142.995366,-38.6196293,16.3,447692,0.0
2012.0,4.0,-80.5662467,28.0914926,17.8,279668,0.0377358490566037
2012.0,3.0,173.855077,-39.453627,21.8,411346,0.0
2012.0,3.0,35.69086,27.351896,15.5,907062,0.0
2012.0,1.0,-75.61499318805444,24.3385,16.3,279668,0.0
2012.0,1.0,151.70594032820765,-33.014721300000005,23.6,447692,0.1509433962264151
2011.0,12.0,-80.0942087,26.9342246,17.8,279668,0.2452830188679245
2011.0,10.0,115.520527090648,-32.007009499999995,18.4,281135,0.0
2011.0,10.0,144.98416543893674,-37.889731,16.6,447692,0.0
2011.0,10.0,-80.52662,28.45077,21.8,279668,0.0377358490566037
2011.0,7.0,-75.92190229748437,35.1283086,23.3,5206593,0.0
2011.0,7.0,-75.5736766,9.8971118,27.5,1783490,0.0
2011.0,2.0,-83.8074003,33.8176114,15.8,5206593,0.0
2010.0,11.0,34.3698811,27.9296631,19.0,20076002,0.0
2010.0,11.0,34.3698811,27.9296631,19.0,20076002,0.0
2010.0,8.0,-80.83783,28.9491539,23.8,279668,0.0377358490566037
2021.0,9.0,-73.31060957489385,44.7877578,12.5,1363159,0.0
2021.0,8.0,-60.93605535048172,46.2950327,19.2,5723,0.0
2020.0,7.0,-77.93820542460928,35.280270650000006,23.3,5206593,0.0
2020.0,5.0,6.1238345,45.0179363,12.5,38897,0.0
2019.0,8.0,-81.3931396,30.2946859,23.8,279668,0.0
2019.0,5.0,-156.6919043,20.9481316,20.7,0,0.0
2019.0,5.0,55.2881932,-21.1677694,21.7,147209,0.0
2019.0,2.0,153.5963962,-28.6462405,25.3,447692,0.0
2018.0,9.0,177.33608248343887,-16.960727499999997,21.4,178339,0.0
2018.0,9.0,-81.3931396,30.2946859,23.3,279668,0.0
2018.0,9.0,148.956176,-20.351821,20.5,366862,0.1698113207547169
2018.0,8.0,-77.34016,26.75221,23.8,279668,0.0
2018.0,7.0,-81.4625919,30.6696818,23.3,279668,0.0
2018.0,4.0,24.832916,-34.171676,19.8,4430367,0.0188679245283018
2018.0,2.0,-90.1915172,42.1291881,5.0,5206593,0.0
2017.0,11.0,12.276247453903562,48.1532156,14.6,5470,0.0
2017.0,10.0,-76.537712,44.370297,11.0,1363159,0.0
2017.0,7.0,-1.2029747,50.594976,14.5,9046485,0.0
2016.0,12.0,152.52830043393635,-32.24447495,22.4,447692,0.0
2016.0,9.0,-80.9271271,29.0258132,23.3,279668,0.0377358490566037
2016.0,7.0,-81.5831421,24.6670875,23.3,2136468,0.0188679245283018
2016.0,7.0,107.06400184790972,20.7609394,27.2,4282738,0.0
2016.0,6.0,166.4586132,-22.3096866,21.4,197787,0.0
2016.0,5.0,-81.3949947924233,30.3194614,19.8,279668,0.0
2016.0,2.0,-68.46192,18.726485,17.3,3172152,0.0
2015.0,10.0,35.419416651059244,-23.80425795,18.8,1101771,0.0188679245283018
2015.0,9.0,7.896928,52.511084,14.5,1131690,0.0
2015.0,7.0,153.5878047,-28.7910334,17.8,447692,0.0
2015.0,3.0,-34.861013929644955,-8.030762150000001,30.1,4469585,0.0
2014.0,8.0,-80.9369983,29.0963729,23.8,279668,0.0377358490566037
2014.0,6.0,-80.330419,32.558715,21.8,5206593,0.0
2014.0,5.0,-80.9271271,29.0258132,19.8,279668,0.0377358490566037
2014.0,3.0,29.520781591695737,-31.64758075,21.9,201851,0.0566037735849056
2013.0,12.0,-80.6102592,28.3194741,17.8,279668,0.0377358490566037
2013.0,8.0,-70.95144250653058,41.77584135,23.8,1363159,0.0
2013.0,2.0,-156.683389,20.929578,16.7,0,0.0
2012.0,7.0,-77.43163,34.4901665,23.3,5206593,0.0377358490566037
2011.0,8.0,104.1047099,51.9747711,23.8,1520381,0.0
2011.0,3.0,152.7511891,-31.84016,23.9,447692,0.0
2011.0,1.0,125.3180998,43.8844201,16.3,3037862,0.0
2011.0,1.0,115.3488754,-33.644499,23.3,281135,0.0
2010.0,9.0,144.91496013194643,-37.8409176,15.1,447692,0.0
2010.0,9.0,-80.9271271,29.0258132,23.3,279668,0.0377358490566037
2010.0,7.0,-76.438491,37.456801,23.3,5206593,0.0
2010.0,2.0,151.3114565192589,-33.68273345,23.8,447692,0.0
2022.0,12.0,-170.6798276,-14.2801229,24.8,48526,0.0
2022.0,7.0,114.964111,-8.5008382,23.8,10516927,0.0
2022.0,4.0,-87.6893826,30.2711224,17.8,2136468,0.0
2021.0,12.0,131.66011,-13.52298,27.8,281135,0.0
2021.0,6.0,-71.56600007616348,41.1824652,21.8,5206593,0.0
2020.0,12.0,14.241523,53.09975,12.0,3552123,0.0
2020.0,4.0,72.81433,31.61044,16.4,1061412,0.0
2020.0,1.0,-75.4678084,35.5934472,16.3,5206593,0.0377358490566037
2019.0,12.0,168.2305268,-46.4387778,18.2,411346,0.0377358490566037
2019.0,11.0,27.8998573,-33.0191604,18.1,201851,0.0188679245283018
2019.0,9.0,-81.3878613,30.2730195,23.3,279668,0.0
2019.0,8.0,-81.17122907994889,19.3298691,25.3,34875,0.0
2019.0,7.0,-75.689295,35.215573,23.3,5206593,0.0
2019.0,4.0,152.1870489,-32.7165733,22.1,447692,0.0188679245283018
2018.0,7.0,-94.7933252,29.3056996,23.3,21580827,0.0566037735849056
2018.0,5.0,-0.303021,51.644837,11.0,9046485,0.0
2018.0,4.0,114.986177,-33.87526,21.8,281135,0.0
2018.0,3.0,144.3392211,-38.2273592,22.1,447692,0.0
2017.0,10.0,-80.0539253,26.8815475,21.8,279668,0.2452830188679245
2017.0,7.0,-80.7512616,32.1618488,23.3,5206593,0.0
2017.0,7.0,-1.366237,39.9479049,17.5,6497124,0.0
2017.0,3.0,-81.7761012,36.223089,16.3,5206593,0.0
2016.0,7.0,0.901645,52.218064,14.5,9046485,0.0
2016.0,2.0,-81.3048,19.3757,17.3,34875,0.0
2015.0,12.0,-15.454315,28.090787,15.6,232388,0.0
2015.0,12.0,-67.16356163496464,18.45776165,19.6,2454337,0.0
2015.0,10.0,-88.3504512,18.3535114,23.6,22964,0.0
2015.0,9.0,-88.23611,14.91944,26.0,1363041,0.0
2015.0,9.0,-81.4400884,30.4835724,23.3,279668,0.0
2015.0,7.0,-104.376832,32.174094,23.3,21580827,0.0
2015.0,6.0,-78.0827699,33.9046184,21.8,5206593,0.0
2014.0,7.0,-86.5976935,30.8402148,23.3,2136468,0.0
2014.0,5.0,-9.049311,53.273665,10.1,1201426,0.0
2013.0,8.0,-79.9406093,32.6549967,23.8,5206593,0.0
2013.0,4.0,152.7511891,-31.84016,22.4,447692,0.0
2013.0,3.0,6.6622015,51.462784,7.5,1131690,0.0
2013.0,1.0,152.93140931825064,-26.3181415,25.7,447692,0.0
2012.0,6.0,14.558609329061117,45.293082850000005,17.5,286491,0.0
2011.0,8.0,-97.1538796,28.0514053,23.8,21580827,0.0
2011.0,7.0,-7.5957822,33.5931914,19.3,1846661,0.0
2011.0,6.0,-63.2849139,10.6544136,25.7,544417,0.0
2011.0,5.0,-95.013821,29.568568,19.8,21580827,0.0566037735849056
2011.0,5.0,-80.19362,25.7741728,19.8,279668,0.0188679245283018
2010.0,8.0,114.98291068541668,-33.8654282,15.8,281135,0.0
2010.0,6.0,-81.655651,30.3321838,21.8,279668,0.0
2022.0,7.0,-5.5352463,50.1194794,14.5,34386,0.0
2022.0,3.0,-80.9271271,29.0258132,16.3,279668,0.0377358490566037
2021.0,12.0,-81.39849379360793,30.3442658,17.8,279668,0.0
2021.0,1.0,-156.31068331602177,20.802956799999997,17.2,0,0.0
2021.0,1.0,-80.6102592,28.3194741,16.3,279668,0.0377358490566037
2020.0,10.0,167.9653814,-29.1172411,19.3,197787,0.0566037735849056
2020.0,9.0,153.5701894,-28.3309421,18.1,447692,0.0
2020.0,9.0,-80.9828323,29.1760933,23.3,279668,0.0377358490566037
2020.0,6.0,153.576991,-28.274282,19.6,447692,0.0
2020.0,5.0,6.5671762,51.3255568,11.0,1131690,0.0
2019.0,10.0,-149.8549727,-17.5089089,19.6,136005,0.0
2019.0,8.0,-80.9271271,29.0258132,23.8,279668,0.0377358490566037
2019.0,7.0,26.9010924,-33.6011399,14.3,201851,0.0
2019.0,3.0,-80.2202114,27.2256486,16.3,279668,0.2452830188679245
2019.0,1.0,-122.65015900609458,45.53595555,6.7,21580827,0.0
2018.0,7.0,-73.1046727,40.6573198,23.3,5206593,0.0
2018.0,7.0,-78.8900409,33.6956461,23.3,5206593,0.0
2018.0,6.0,44.25708,13.35083,26.1,2779317,0.0
2018.0,6.0,-103.5538124,18.4546571,23.6,21580827,0.0
2018.0,6.0,-34.91544497000476,-8.17337955,24.6,4469585,0.0
2018.0,5.0,27.888413,-32.995213,18.1,201851,0.0188679245283018
2017.0,11.0,-80.0077420155697,22.4168489,20.4,2136468,0.0
2017.0,10.0,-158.046774,21.305153,22.7,30661,0.2075471698113207
2017.0,5.0,153.4312097,-29.1174093,21.3,447692,0.0
2017.0,1.0,114.964111,-8.5008382,30.8,10516927,0.0
2016.0,10.0,153.61384702088105,-28.70170575,19.3,447692,0.0
2016.0,9.0,-124.082313,40.835895,15.2,21580827,0.0
2016.0,5.0,-80.3975399,27.6387163,19.8,279668,0.0
2015.0,12.0,-72.4834223,41.2748217,17.8,5206593,0.0
2015.0,7.0,-80.3102893797919,32.50739515,23.3,5206593,0.0
2015.0,5.0,152.55563291506522,-32.0176315,20.4,447692,0.0
2015.0,1.0,27.9418354,-32.9887911,21.6,201851,0.0188679245283018
2015.0,1.0,28.1187685,-32.8264078,21.6,201851,0.0188679245283018
2014.0,3.0,153.5878047,-28.7910334,24.8,447692,0.0
2014.0,1.0,167.88213801660544,-46.986719699999995,19.4,411346,0.0566037735849056
2013.0,7.0,-87.6893826,30.2711224,23.3,2136468,0.0
2013.0,6.0,-74.180857,41.320776,21.8,5206593,0.0
2012.0,7.0,10.13778793977087,53.5151298,14.5,3552123,0.0
2012.0,1.0,-156.9029492509114,20.830544099999997,17.2,0,0.0
2011.0,8.0,-149.2629534,-17.8495988,17.6,136005,0.0
2011.0,6.0,-80.9271271,29.0258132,21.8,279668,0.0377358490566037
2011.0,5.0,-95.568451,29.051386,19.8,21580827,0.0188679245283018
2011.0,4.0,121.629116,25.100385,20.5,2705791,0.0
2010.0,12.0,177.5077794,-18.1381611,26.6,178339,0.0
2010.0,10.0,11.2555757,43.7698712,17.8,4465,0.0
2010.0,8.0,-77.394647,25.039728,23.8,279668,0.0
2010.0,5.0,-82.75677,28.14612,19.8,2136468,0.0566037735849056
2010.0,4.0,26.9010924,-33.6011399,19.8,201851,0.0
2010.0,3.0,145.1773289,-38.3375798,22.1,447692,0.0
2022.0,8.0,-78.8900409,33.6956461,23.8,5206593,0.0
2021.0,8.0,-80.9271271,29.0258132,23.8,279668,0.0377358490566037
2021.0,6.0,114.96205,-29.7826764,19.0,281135,0.0
2021.0,6.0,-80.83783,28.9491539,21.8,279668,0.0377358490566037
2020.0,12.0,122.2136937,-17.9328115,26.6,281135,0.0
2020.0,11.0,-156.31068331602177,20.802956799999997,20.7,0,0.0
2020.0,8.0,-124.0730866,40.0304212,16.0,21580827,0.0188679245283018
2020.0,8.0,-80.9271271,29.0258132,23.8,279668,0.0377358490566037
2020.0,7.0,-87.62460710389821,30.2828398,23.3,2136468,0.0
2019.0,11.0,9.200036,50.200404,11.0,119752,0.0
2019.0,10.0,-80.3256056,27.4467056,21.8,279668,0.0
2019.0,10.0,-77.7644529,43.3408935,11.0,1363159,0.0
2019.0,9.0,-156.44711701440357,20.7442225,24.2,0,0.0
2019.0,8.0,-77.014699,-12.206631,16.4,10390607,0.0
2019.0,4.0,-101.328273,38.309137,17.8,21580827,0.0
2018.0,11.0,153.59489999931168,-28.8628884,21.3,447692,0.0
2018.0,9.0,-123.8997734,40.5997415,15.2,21580827,0.0
2018.0,8.0,-70.0378159644203,42.02022415,13.0,1363159,0.1509433962264151
2018.0,7.0,-81.4625919,30.6696818,23.3,279668,0.0
2018.0,6.0,-74.180857,41.320776,21.8,5206593,0.0
2017.0,9.0,-80.9271271,29.0258132,23.3,279668,0.0377358490566037
2016.0,10.0,0.901645,52.218064,13.0,9046485,0.0
2016.0,4.0,-143.568626,-16.6205914,23.9,136005,0.0
2016.0,3.0,-118.0475619,33.6950185,10.3,21580827,0.0377358490566037
2016.0,2.0,12.1840764,32.8886298,15.1,1157746,0.0
2015.0,12.0,-158.107312,21.340349,18.7,30661,0.2075471698113207
2015.0,7.0,115.743852,-33.283227,16.6,281135,0.0
2015.0,7.0,-74.0259399,40.6292647,23.3,5206593,0.0188679245283018
2015.0,6.0,-75.4678084,35.5934472,21.8,5206593,0.0377358490566037
2015.0,6.0,-80.1433786,26.1223084,21.8,279668,0.0188679245283018
2014.0,12.0,-3.518433,36.749152,13.8,34733,0.0
2014.0,11.0,-80.59173985965718,28.1561668,19.8,279668,0.0377358490566037
2014.0,9.0,-149.896749,-17.492716,18.4,136005,0.0
2014.0,9.0,-70.5392325,41.9265837,23.3,1363159,0.0566037735849056
2014.0,4.0,9.185893,50.911597,9.0,119752,0.0
2013.0,12.0,-156.44129,20.64644,18.7,0,0.0
2013.0,9.0,-80.5606622,32.3868607,23.3,5206593,0.0
2013.0,7.0,3.162514,42.110402,16.9,22614,0.0
2012.0,12.0,-70.980657,44.814809,7.0,1363159,0.0
2012.0,7.0,134.2098635,-32.7977727,16.6,447692,0.0
2012.0,6.0,151.70594032820765,-33.014721300000005,18.1,447692,0.1509433962264151
2012.0,5.0,6.769298,52.294415,11.0,1131690,0.0
2012.0,1.0,151.43826264743535,-33.46042105,23.6,447692,0.0
2011.0,12.0,25.6388889,-34.0391667,19.8,201851,0.0
2011.0,11.0,115.07186662118336,-8.43958865,27.6,10516927,0.0
2011.0,9.0,-91.169892,45.9232908,12.5,1363159,0.0
2011.0,8.0,-77.7955907,34.2079917,23.8,5206593,0.0
2011.0,6.0,-34.88194991085768,-8.094506249999998,24.6,4469585,0.0
2011.0,3.0,-94.576014,17.981331,18.1,21580827,0.0
2010.0,12.0,-0.1113227758733619,51.51177815,9.0,9046485,0.0
2022.0,11.0,-85.3954358,29.7447427,19.8,2136468,0.0
2022.0,6.0,-82.811214,27.8086364,21.8,2136468,0.0566037735849056
2021.0,9.0,8.062591,34.761244,19.3,2290777,0.0
2021.0,3.0,-140.0800269902217,-9.4010769,27.8,136005,0.0
2021.0,1.0,63.38928717527078,-19.6661596,25.5,149365,0.0
2020.0,7.0,-81.5831421,24.6670875,23.3,2136468,0.0188679245283018
2020.0,3.0,-121.964126,36.9607842,9.4,21580827,0.7169811320754716
2019.0,10.0,144.7669229,13.3375318,28.1,146905,0.0
2019.0,9.0,115.721324,-31.723064,16.9,281135,0.0
2019.0,7.0,-71.57235,41.3839,23.3,5206593,0.0
2019.0,3.0,149.1995611818486,-19.68192715,27.5,366862,0.0188679245283018
2019.0,1.0,148.96194,-20.35333,27.5,366862,0.1698113207547169
2018.0,11.0,-54.2741414854888,49.5361431,14.0,5723,0.0
2018.0,8.0,14.540819,42.18814,20.4,4209710,0.0
2018.0,5.0,-80.7512616,32.1618488,19.8,5206593,0.0
2018.0,4.0,72.75279703277135,4.09629795,24.8,176851,0.0
2018.0,1.0,-63.059398,18.082858,18.1,40552,0.0
2017.0,10.0,-67.80864630668714,44.49765965,11.0,1363159,0.0
2017.0,8.0,-80.79150366959024,32.127922299999994,23.8,5206593,0.0
2017.0,7.0,-80.12140990445131,25.907562499999997,23.3,279668,0.0188679245283018
2017.0,7.0,-93.8613362,18.2954949,25.1,2851104,0.0
2017.0,6.0,-80.7711149,32.1341694,21.8,5206593,0.0
2017.0,6.0,-77.2666571558642,25.0754506,21.8,279668,0.0
2017.0,4.0,-79.3343041,33.4392245,17.8,5206593,0.0
2017.0,3.0,120.3839323,17.526286,21.1,13482468,0.0
2016.0,7.0,-80.9271271,29.0258132,23.3,279668,0.0377358490566037
2016.0,6.0,113.770165,-23.1436752,21.1,10516927,0.0754716981132075
2016.0,5.0,-81.3800824,30.2274645,19.8,279668,0.0
2016.0,4.0,23.371219141913983,-34.080205,19.8,4430367,0.1132075471698113
2015.0,10.0,-120.659441,35.266778,15.5,21580827,0.0
2015.0,7.0,141.770639,-38.151778,15.1,447692,0.0
2015.0,5.0,-80.9271271,29.0258132,19.8,279668,0.0377358490566037
2015.0,4.0,115.1518,-8.657267,29.3,10516927,0.0
2015.0,1.0,-156.6748023632949,20.88717735,17.2,0,0.0
2014.0,12.0,147.42110203084178,-38.192086,20.6,447692,0.0
2014.0,8.0,-79.9406093,32.6549967,23.8,5206593,0.0
2014.0,4.0,-80.9271271,29.0258132,17.8,279668,0.0377358490566037
2014.0,3.0,-80.445518,27.381947,16.3,279668,0.0
2013.0,9.0,-81.80731969821272,24.55907395,23.3,2136468,0.0377358490566037
2013.0,6.0,-81.655651,30.3321838,21.8,279668,0.0
2013.0,3.0,151.44387698087405,-33.445002450000004,23.6,447692,0.0
2012.0,9.0,-80.9271271,29.0258132,23.3,279668,0.0377358490566037
2011.0,12.0,-80.817091,-2.157141,25.4,1822397,0.0188679245283018
2011.0,12.0,-159.4442803,21.8683987,18.4,30661,0.0
2010.0,2.0,-80.0650293,26.784343,15.8,279668,0.2452830188679245
2022.0,7.0,1.717042,52.418576,14.5,9046485,0.0
2021.0,3.0,-80.1353006,25.7929198,16.3,279668,0.0188679245283018
2020.0,12.0,8.8005699,53.077719,9.0,1131690,0.0
2020.0,9.0,153.5421182831364,-28.16590645,18.1,447692,0.0566037735849056
2020.0,7.0,-80.5603303,28.0683496,23.3,279668,0.0377358490566037
2020.0,1.0,121.90311863665566,-33.921172850000005,23.3,447692,0.0
2019.0,12.0,-72.254408,18.584732,19.3,2636763,0.0
2019.0,9.0,130.8419400565998,-12.37892545,22.9,281135,0.0
2019.0,4.0,-157.4815,21.2382,18.7,30661,0.0
2018.0,11.0,136.77791,-12.181365,26.4,366862,0.0
2018.0,10.0,-123.0344446,37.7332634,14.6,21580827,0.0566037735849056
2018.0,8.0,-77.995528,33.8618933,23.8,5206593,0.0
2018.0,6.0,153.2016851,-30.060426,19.0,447692,0.1698113207547169
2018.0,1.0,166.40190174956027,-22.2649896,26.9,197787,0.0
2017.0,10.0,146.83354856403196,-19.1421421,22.3,366862,0.0754716981132075
2017.0,9.0,-80.4494174,26.6279798,23.3,279668,0.0
2017.0,9.0,-80.9369983,29.0963729,23.3,279668,0.0377358490566037
2017.0,4.0,-86.4957834,30.3935337,17.8,2136468,0.0
2016.0,9.0,-80.9271271,29.0258132,23.3,279668,0.0377358490566037
2016.0,6.0,32.6208729,29.2227872,21.0,20076002,0.0
2016.0,4.0,29.0548,26.3173,17.0,20076002,0.0
2015.0,11.0,-154.92866822528492,19.3949741,21.3,0,0.0
2015.0,9.0,-119.29342,34.262734,17.3,21580827,0.0943396226415094
2015.0,5.0,-80.6102592,28.3194741,19.8,279668,0.0377358490566037
2014.0,10.0,151.4344444,-33.465,18.1,447692,0.0
2014.0,3.0,-80.04407871473353,26.8239253,16.3,279668,0.2452830188679245
2013.0,9.0,-87.1426163651843,30.33103085,23.3,2136468,0.0566037735849056
2013.0,9.0,-81.2716634,29.8508613,23.3,279668,0.0
2013.0,8.0,-154.8444875,19.4598015,25.3,0,0.0
2013.0,8.0,176.1845734,-37.6620288,14.6,411346,0.0754716981132075
2013.0,3.0,114.61619,-28.778088,24.8,281135,0.0
2012.0,10.0,115.739269,-31.779677,18.4,281135,0.0
2012.0,9.0,-81.3964734,30.311908,23.3,279668,0.0
2012.0,8.0,115.7380757,-31.7569941,16.4,281135,0.0
2012.0,7.0,-121.964126,36.9607842,16.4,21580827,0.7169811320754716
2011.0,12.0,153.3600421,-29.478884,23.3,447692,0.0188679245283018
2011.0,9.0,-69.66351127099202,19.28905915,24.8,3172152,0.0
2011.0,6.0,-71.81282,21.83624,22.4,5447,0.0
2010.0,8.0,-122.3945402,37.1815562,16.9,21580827,0.0
2010.0,7.0,-77.7955907,34.2079917,23.3,5206593,0.0
2010.0,1.0,18.42467228851848,-34.137645,19.3,4430367,0.0
2022.0,5.0,1.392043,43.543757,12.8,22614,0.0
2022.0,4.0,-96.544411,28.561866,17.8,21580827,0.0377358490566037
2022.0,3.0,151.2456824,-33.9453441,23.3,447692,0.0188679245283018
2022.0,2.0,-60.173398,46.16551,11.2,5723,0.0
2021.0,8.0,-94.90881,29.2221833,23.8,21580827,0.0754716981132075
2021.0,6.0,-80.9271271,29.0258132,21.8,279668,0.0377358490566037
2021.0,4.0,-75.4688367,35.5669037,17.8,5206593,0.0377358490566037
2020.0,10.0,-76.4793977,38.1148496,21.8,5206593,0.0
2020.0,7.0,115.03386265083556,-33.54357469999999,16.3,281135,0.0
2020.0,2.0,-139.55152364329268,-8.90966295,28.3,136005,0.0
2020.0,1.0,98.2462979159721,8.6489836,21.8,10156316,0.0
2019.0,12.0,-3.4146801,50.6190962,9.0,34386,0.0
2019.0,11.0,152.4630414,-24.8154799,22.5,447692,0.0
2019.0,7.0,-157.01248,21.13831,24.2,0,0.0
2019.0,7.0,87.708203,22.218832,24.9,19578421,0.0
2019.0,6.0,146.27596025649763,-43.653292750000006,14.8,447692,0.0
2019.0,3.0,25.579551,-33.938626,21.3,201851,0.0
2018.0,11.0,150.819309,-34.769194,19.5,447692,0.0
2018.0,4.0,-37.785453,-4.406898,29.8,4469585,0.0
2018.0,2.0,151.2382961131534,-33.99139545,23.8,447692,0.0188679245283018
2018.0,2.0,150.85455902996785,-34.67633885,23.5,447692,0.0
2017.0,11.0,-75.8315322,21.1254138,20.7,589083,0.0
2017.0,9.0,-97.1646938,26.1036887,23.3,21580827,0.0
2017.0,7.0,-151.9311111,59.3547222,12.8,18406,0.0
2016.0,10.0,99.29439549379646,7.359772400000001,27.9,7563912,0.0
2016.0,9.0,115.636698,-33.3267797,16.6,281135,0.0
2016.0,3.0,151.1563013697167,-34.0509649,23.3,447692,0.0188679245283018
2015.0,12.0,27.495083794818747,-11.68113125,24.0,2523844,0.0
2015.0,11.0,153.5832729,-28.8595562,21.3,447692,0.0
2014.0,10.0,-156.4529879461996,20.8747708,22.7,0,0.0
2014.0,10.0,-119.985823,34.7136533,15.5,21580827,0.0
2013.0,12.0,7.4964952,49.5221231,9.0,119752,0.0
2013.0,6.0,-95.2874288,28.950706,21.8,21580827,0.0188679245283018
2013.0,4.0,18.6557555,-34.22708,17.8,4430367,0.0
2013.0,3.0,19.1328675,-34.3944454,19.3,4430367,0.0
2012.0,12.0,-52.70654176712439,47.5630467,12.6,5723,0.0
2012.0,7.0,-78.426672,33.8943393,23.3,5206593,0.0
2012.0,6.0,-80.9271271,29.0258132,21.8,279668,0.0377358490566037
2011.0,6.0,-117.2740777,32.8401623,16.1,21580827,0.320754716981132
2011.0,5.0,164.25,-20.66667,23.7,197787,0.0
2011.0,4.0,-80.9271271,29.0258132,17.8,279668,0.0377358490566037
2011.0,4.0,151.6282982,-33.1869285,22.1,447692,0.1509433962264151
2010.0,12.0,34.4156137,27.9648318,17.0,20076002,0.0
2010.0,9.0,-81.2885397113764,29.88544885,23.3,279668,0.0
2022.0,8.0,153.1094116,-30.2985996,17.0,447692,0.0
2022.0,8.0,-81.4063378,24.6618535,23.8,2136468,0.0188679245283018
2022.0,7.0,-77.6305293,34.3651685,23.3,5206593,0.0377358490566037
2021.0,11.0,115.744166,-32.036544,20.4,281135,0.0
2021.0,9.0,153.1880565,-30.1694411,17.5,447692,0.1698113207547169
2021.0,7.0,-121.95164688050303,36.97139805,16.4,21580827,0.7169811320754716
2021.0,6.0,-86.15725342095618,30.3326483,21.8,2136468,0.0
2021.0,6.0,-0.5424424,50.8095801,13.0,9046485,0.0
2021.0,3.0,34.3467116,27.9081038,15.5,20076002,0.0
2020.0,12.0,34.893817,25.069992,17.0,20076002,0.0
2020.0,11.0,-124.07541634780874,49.82161125,9.0,1363159,0.0
2020.0,8.0,12.8122043,48.4544453,18.6,1291552,0.0
2020.0,8.0,152.93194210127996,-31.4550749,16.7,447692,0.0188679245283018
2020.0,7.0,146.9849503923026,-40.94223215,14.2,447692,0.0
2020.0,7.0,-1.7156905738992223,54.86852075,14.5,27171,0.0
2019.0,12.0,-119.29342,34.262734,11.8,21580827,0.0943396226415094
2019.0,7.0,-80.9271271,29.0258132,23.3,279668,0.0377358490566037
2019.0,7.0,-80.1262252,25.9041626,23.3,279668,0.0188679245283018
2019.0,3.0,-123.9803347,45.2167126,7.0,21580827,0.0
2019.0,1.0,-78.52360970119813,34.259517,16.3,5206593,0.0
2018.0,11.0,115.731017,-31.734733,20.4,281135,0.0
2018.0,10.0,-80.9369983,29.0963729,21.8,279668,0.0377358490566037
2018.0,4.0,-1.309727,52.662473,9.0,9046485,0.0
2018.0,3.0,143.9748166,-38.5411691,21.8,447692,0.0
2017.0,11.0,-80.0077420155697,22.4168489,20.4,2136468,0.0
2017.0,7.0,-119.68578867181044,34.4099523,17.3,21580827,0.0943396226415094
2017.0,6.0,-3.882804982969838,50.2803847,13.0,34386,0.0
2016.0,9.0,153.59041337083795,-28.8715325,17.8,447692,0.0
2016.0,8.0,-80.9271271,29.0258132,23.8,279668,0.0377358490566037
2016.0,7.0,-75.8446347829663,23.46909645,23.6,279668,0.0
2016.0,7.0,-16.1888025,28.5071857,20.8,232388,0.0
2016.0,1.0,-66.14494495139292,47.99568825,5.5,5723,0.0
2015.0,10.0,-80.9271271,29.0258132,21.8,279668,0.0377358490566037
2015.0,8.0,-81.3931396,30.2946859,23.8,279668,0.0
2015.0,5.0,-52.70654176712439,47.5630467,14.6,5723,0.0
2014.0,7.0,-118.3951241,33.8915985,17.3,21580827,0.0
2014.0,5.0,-80.574094,27.690385,19.8,279668,0.0
2014.0,4.0,26.8914772,-33.5981844,19.8,201851,0.0
2013.0,12.0,164.9739434358291,-20.6823813,25.7,197787,0.0188679245283018
2013.0,12.0,-155.5101478,19.128776,19.3,0,0.0
2013.0,11.0,8.057468,51.857191,11.0,1131690,0.0
2013.0,11.0,114.9881592,-33.8646786,19.8,281135,0.0
2013.0,9.0,-80.9271271,29.0258132,23.3,279668,0.0377358490566037
2013.0,7.0,-81.27164964318182,29.823750500000003,23.3,279668,0.0
2013.0,7.0,55.28578888677396,-20.94130005,18.2,147209,0.0
2013.0,6.0,-78.8900409,33.6956461,21.8,5206593,0.0
2013.0,5.0,-82.561559,41.40003,19.8,5206593,0.0
2013.0,5.0,-117.255277,32.9774,14.1,21580827,0.320754716981132
2012.0,9.0,-80.1332415,25.7744291,23.3,279668,0.0188679245283018
2012.0,8.0,-35.034804,-8.288198,22.6,4469585,0.0
2012.0,5.0,10.130049,50.012041,11.0,119752,0.0
2012.0,1.0,121.0073358,22.6154312,19.6,2705791,0.0
2011.0,8.0,-18.673522,64.779262,10.5,216364,0.0
2010.0,10.0,-18.673522,64.779262,8.5,216364,0.0
2010.0,8.0,-60.95,13.71667,26.8,22258,0.0
2010.0,6.0,175.959009,-39.93366,16.0,411346,0.0
2022.0,12.0,125.625513,7.078663,25.9,13482468,0.0
2022.0,7.0,-81.48595653787879,24.78713,23.3,2136468,0.0
2021.0,8.0,-80.46777414781022,25.091338,23.8,2136468,0.0754716981132075
2021.0,7.0,-47.4252319,-23.7074096,18.3,4469585,0.0
2021.0,6.0,-122.51399600038246,37.5645026,14.6,21580827,0.0566037735849056
2021.0,4.0,-80.9271271,29.0258132,17.8,279668,0.0377358490566037
2021.0,2.0,13.4144249,52.5474391,10.0,3552123,0.0
2020.0,3.0,-80.9271271,29.0258132,16.3,279668,0.0377358490566037
2020.0,1.0,151.70825447669318,-23.29589265,26.6,447692,0.0188679245283018
2018.0,10.0,-121.081106,35.5641425,15.2,21580827,0.0
2018.0,7.0,-73.1728734,40.6417443,23.3,5206593,0.0
2018.0,5.0,-80.6102592,28.3194741,19.8,279668,0.0377358490566037
2018.0,1.0,145.4609161,-14.6683188,29.0,366862,0.0188679245283018
2017.0,12.0,101.69023525873696,2.60595875,27.1,7563912,0.0
2017.0,9.0,149.944776,-36.373444,15.7,447692,0.1132075471698113
2017.0,7.0,-77.15528898454684,25.105065850000003,23.3,279668,0.0377358490566037
2017.0,6.0,5.89524,45.34869,14.5,422153,0.0
2017.0,5.0,-97.17200125146044,49.84649,9.0,1363159,0.0
2017.0,3.0,-87.3366845,35.4877251,16.3,5206593,0.0
2016.0,8.0,-156.31068331602177,20.802956799999997,24.7,0,0.0
2016.0,7.0,-52.70571,-27.09009,17.4,3222199,0.0
2015.0,11.0,6.105932,50.871779,11.0,2049510,0.0
2015.0,8.0,-77.7644529,43.3408935,13.0,1363159,0.0
2015.0,6.0,-116.3014456,33.0495163,16.1,21580827,0.0
2015.0,4.0,-81.5831421,24.6670875,17.8,2136468,0.0188679245283018
2015.0,3.0,58.5044999,37.9021725,14.3,810186,0.0
2015.0,1.0,2.179389,49.488775,7.8,10900952,0.0
2014.0,9.0,-88.211363,30.25621,23.3,2136468,0.1320754716981132
2014.0,4.0,-80.9271271,29.0258132,17.8,279668,0.0377358490566037
2014.0,3.0,-90.329709,29.5169,16.3,2136468,0.0
2013.0,10.0,-61.5369196,16.2554873,24.2,58397,0.0
2013.0,9.0,34.6529922,31.7977314,21.9,907062,0.0
2013.0,9.0,-81.0557921,29.2854132,23.3,279668,0.0188679245283018
2013.0,2.0,-156.386388,20.9202778,16.7,0,0.0
2013.0,1.0,-155.9333333,19.8594444,17.5,0,0.0377358490566037
2012.0,11.0,-156.44639965521395,20.763395,20.7,0,0.0
2012.0,10.0,-124.21452860844356,40.68790815,13.7,21580827,0.0
2012.0,10.0,-80.9369983,29.0963729,21.8,279668,0.0377358490566037
2012.0,8.0,-80.46777414781022,25.091338,23.8,2136468,0.0754716981132075
2012.0,7.0,-118.58162562500002,34.03882055,17.3,21580827,0.0
2012.0,6.0,-78.8900409,33.6956461,21.8,5206593,0.0
2012.0,1.0,29.520781591695737,-31.64758075,21.9,201851,0.0566037735849056
2011.0,10.0,115.75119554205357,-31.99539645,18.4,281135,0.0
2011.0,9.0,-87.406036,37.960254,23.3,5206593,0.0
2011.0,8.0,55.7002776,-4.29311,22.8,28091,0.0
2011.0,6.0,55.2265631,-21.0309795,19.7,147209,0.0188679245283018
2011.0,6.0,-5.4795083,50.2149064,13.0,34386,0.0
2011.0,5.0,-95.013821,29.568568,19.8,21580827,0.0566037735849056
2010.0,12.0,121.629116,25.100385,20.5,2705791,0.0
2010.0,10.0,153.2046516,-30.0769195,19.0,447692,0.1698113207547169
2010.0,8.0,-81.24230475946248,29.738289,23.8,279668,0.0188679245283018
2010.0,5.0,109.232667,13.770409,25.8,1952329,0.0
2010.0,1.0,55.19410221183513,25.1481136,17.0,1419699,0.0
2022.0,10.0,142.28105329264693,-10.60618815,24.7,366862,0.0
2022.0,7.0,-81.5831421,24.6670875,23.3,2136468,0.0188679245283018
2022.0,7.0,-81.0228331,29.2108147,23.3,279668,0.0377358490566037
2022.0,5.0,115.824332,-31.98498,20.4,281135,0.0
2022.0,4.0,-80.82051123947215,28.888210800000003,17.8,279668,0.0377358490566037
2021.0,10.0,148.91342877943038,-20.11890235,22.0,366862,0.1509433962264151
2021.0,8.0,-80.7512616,32.1618488,23.8,5206593,0.0
2021.0,7.0,152.9761111,-31.19,17.2,447692,0.0188679245283018
2021.0,1.0,-82.52297,27.974457,16.3,2136468,0.0377358490566037
2020.0,10.0,-157.8264334,21.2725844,22.7,30661,0.2075471698113207
2019.0,11.0,-80.9271271,29.0258132,19.8,279668,0.0377358490566037
2019.0,8.0,-80.9271271,29.0258132,23.8,279668,0.0377358490566037
2019.0,6.0,-78.426672,33.8943393,21.8,5206593,0.0
2019.0,1.0,115.7609528,-31.9968157,23.9,281135,0.0
2018.0,11.0,148.956176,-20.351821,24.0,366862,0.1698113207547169
2018.0,9.0,-77.2895287,26.6774884,23.3,279668,0.0
2018.0,5.0,-81.0228331,29.2108147,19.8,279668,0.0377358490566037
2018.0,4.0,-80.0077420155697,22.4168489,18.4,2136468,0.0
2018.0,3.0,-156.0067575248824,19.810242350000003,17.5,0,0.0377358490566037
2017.0,12.0,11.972958,57.689664,12.0,1320826,0.0
2017.0,9.0,114.9881592,-33.8646786,16.3,281135,0.0
2017.0,9.0,-80.9369983,29.0963729,23.3,279668,0.0377358490566037
2017.0,7.0,-124.10510985582168,46.88919115,13.4,1363159,0.0
2017.0,6.0,4.933109,52.497875,13.0,1131690,0.0
2017.0,4.0,23.384190147631664,-34.03714165,19.8,4430367,0.1132075471698113
2017.0,2.0,-81.916964,26.434828,15.8,2136468,0.0566037735849056
2017.0,1.0,-80.25567726584178,27.22089615,16.3,279668,0.0
2016.0,10.0,-80.9271271,29.0258132,21.8,279668,0.0377358490566037
2016.0,9.0,-78.77787649821431,33.7674461,23.3,5206593,0.0
2016.0,9.0,-120.04799240579185,34.462428599999996,17.3,21580827,0.0
2016.0,5.0,-156.4431133209012,20.68256325,20.7,0,0.0
2016.0,1.0,153.126497,-26.799526,25.4,447692,0.0566037735849056
2015.0,9.0,-81.2928499,29.9188576,23.3,279668,0.0
2015.0,9.0,151.49334329257812,-33.3661513,16.6,447692,0.0
2015.0,6.0,-80.5606622,32.3868607,21.8,5206593,0.0
2015.0,5.0,-80.9271271,29.0258132,19.8,279668,0.0377358490566037
2015.0,4.0,55.221135,-21.0331104,23.7,147209,0.0188679245283018
2015.0,3.0,153.5866751,-28.6324691,24.8,447692,0.0
2015.0,2.0,151.4859349,-33.3704318,24.1,447692,0.0
2015.0,2.0,151.75666809035215,-32.9483779,24.1,447692,0.0
2014.0,10.0,-80.9271271,29.0258132,21.8,279668,0.0377358490566037
2014.0,8.0,-80.6102592,28.3194741,23.8,279668,0.0377358490566037
2014.0,7.0,-79.7880359,32.7867697,23.3,5206593,0.0
2014.0,6.0,-75.1033256750515,38.77092765,21.8,5206593,0.0
2013.0,10.0,-80.1353006,25.7929198,21.8,279668,0.0188679245283018
2013.0,8.0,-122.47475711174,37.50117975,16.6,21580827,0.0566037735849056
2013.0,7.0,-77.07431117946257,26.6455936,23.3,279668,0.0
2013.0,6.0,-80.0848166,32.6082373,21.8,5206593,0.0
2013.0,6.0,28.0980556,-32.8802778,16.1,201851,0.0188679245283018
2013.0,6.0,-81.398696,30.3344077,21.8,279668,0.0
2013.0,5.0,-80.5603303,28.0683496,19.8,279668,0.0377358490566037
2013.0,4.0,-121.401667,38.049014,10.6,21580827,0.0
2013.0,4.0,-68.305168,12.199235,21.4,11313,0.0
2013.0,1.0,-64.679527,18.347155,18.1,15137,0.0
2012.0,12.0,115.75158325035817,-31.8773458,22.4,281135,0.0
2012.0,5.0,-80.3975399,27.6387163,19.8,279668,0.0
2011.0,12.0,-80.9271271,29.0258132,17.8,279668,0.0377358490566037
2011.0,10.0,55.2352379,-21.0178679,19.7,147209,0.0188679245283018
2011.0,9.0,-82.357665,27.516462,23.3,2136468,0.1698113207547169
2011.0,7.0,-61.1074019,16.172263,25.7,58397,0.0
2011.0,7.0,-97.1646938,26.1036887,23.3,21580827,0.0
2011.0,5.0,-80.4494174,26.6279798,19.8,279668,0.0
2011.0,1.0,107.06400184790972,20.7609394,20.2,4282738,0.0
2010.0,8.0,-77.871911,34.209198,23.8,5206593,0.0
2010.0,7.0,-79.7880359,32.7867697,23.3,5206593,0.0
2010.0,5.0,109.232667,13.770409,25.8,1952329,0.0
2010.0,2.0,168.2305268,-46.4387778,20.2,411346,0.0377358490566037
2010.0,1.0,6.914893,52.776114,7.5,1131690,0.0
2022.0,10.0,-80.46777414781022,25.091338,21.8,2136468,0.0754716981132075
2022.0,7.0,-70.9828472,42.3718507,12.5,1363159,0.0
2022.0,5.0,14.241523,53.09975,14.0,3552123,0.0
2022.0,5.0,98.2832667146265,7.9580664,25.6,7563912,0.0
2021.0,11.0,-45.34865430301305,-23.74156515,21.8,4469585,0.0
2021.0,6.0,-78.426672,33.8943393,21.8,5206593,0.0
2021.0,4.0,28.1035434,-32.8281156,20.1,201851,0.0188679245283018
2020.0,12.0,-72.2655765,41.1287204,17.8,5206593,0.0188679245283018
2019.0,11.0,11.128264,47.836411,14.6,5470,0.0
2019.0,8.0,-0.489219,51.482172,15.0,9046485,0.0
2019.0,7.0,-176.215816,-44.279973,10.3,411346,0.0
2018.0,11.0,151.2880967,-33.7971473,19.8,447692,0.2830188679245283
2018.0,7.0,-76.44158813441913,24.1706517,23.3,279668,0.0188679245283018
2017.0,8.0,175.7763078148798,-36.5823592,14.9,411346,0.0
2017.0,6.0,-77.7955907,34.2079917,21.8,5206593,0.0
2017.0,5.0,-79.613127,33.0376703,19.8,5206593,0.0
2017.0,4.0,-74.253221,45.801859,7.0,1363159,0.0
2017.0,3.0,-97.471092,25.850734,16.3,21580827,0.0
2016.0,7.0,13.926356,51.542393,17.5,3552123,0.0
2015.0,11.0,-80.03754,26.78506,19.8,279668,0.2452830188679245
2015.0,9.0,-78.8900409,33.6956461,23.3,5206593,0.0
2015.0,6.0,-75.689295,35.215573,21.8,5206593,0.0
2015.0,6.0,-77.57412315290213,34.46505775,21.8,5206593,0.0377358490566037
2014.0,10.0,121.961495,-33.830379,17.8,447692,0.0
2014.0,9.0,-81.099832,32.098991,23.3,5206593,0.0
2014.0,8.0,-78.9730887,33.6060031,23.8,5206593,0.0
2014.0,8.0,-80.148379,25.9812025,23.8,279668,0.0188679245283018
2014.0,8.0,-82.731589,35.232996,23.8,5206593,0.0
2013.0,8.0,-80.9413695402376,29.10432725,23.8,279668,0.0377358490566037
2013.0,7.0,-76.52078513640123,24.2707658,23.3,279668,0.0
2013.0,7.0,-34.903472,-8.141634,23.1,4469585,0.0
2013.0,6.0,150.7828872947839,-35.0715746,17.5,447692,0.0
2013.0,5.0,-85.939222,34.00289,19.8,5206593,0.0
2013.0,4.0,0.600932,50.864234,9.0,9046485,0.0
2013.0,4.0,-80.25567726584178,27.22089615,17.8,279668,0.0
2012.0,1.0,153.5218903,-28.3069529,25.1,447692,0.0
2011.0,12.0,-61.86072382883066,17.13484855,19.9,20764,0.0
2011.0,9.0,-124.189865,40.814998,15.2,21580827,0.0
2011.0,8.0,146.51944492779182,-18.68722775,20.3,366862,0.0377358490566037
2011.0,8.0,-78.8900409,33.6956461,23.8,5206593,0.0
2011.0,7.0,-97.1316551,27.739476,23.3,21580827,0.0188679245283018
2011.0,3.0,-95.9652448,28.6036296,16.3,21580827,0.0188679245283018
2011.0,3.0,153.62080870521265,-28.669747299999997,24.8,447692,0.0
2011.0,2.0,-75.56422,35.814752,15.8,5206593,0.0188679245283018
2011.0,2.0,-110.98203134657057,18.79274175,14.3,21580827,0.0188679245283018
2010.0,10.0,121.037679,-33.858905,17.8,447692,0.0
2010.0,10.0,18.8108333,-34.0994444,13.8,4430367,0.0
2010.0,9.0,152.8322163,-25.2942219,19.0,447692,0.0
2022.0,10.0,-75.61499318805444,24.3385,21.8,279668,0.0
2022.0,7.0,-1.723275,53.800677,14.5,27171,0.0
2022.0,6.0,-73.5029044,40.5945469,21.8,5206593,0.0188679245283018
2022.0,4.0,-74.281662,40.767443,17.8,5206593,0.0
2021.0,11.0,-156.6748023632949,20.88717735,20.7,0,0.0
2021.0,11.0,174.0638945,-39.2960839,18.3,411346,0.0
2021.0,7.0,-81.427105,30.39275,23.3,279668,0.0
2021.0,5.0,-80.9828323,29.1760933,19.8,279668,0.0377358490566037
2021.0,1.0,-155.879559,19.92819,17.5,0,0.0377358490566037
2020.0,10.0,-80.1353006,25.7929198,21.8,279668,0.0188679245283018
2020.0,8.0,-80.9271271,29.0258132,23.8,279668,0.0377358490566037
2020.0,7.0,-69.99434992546531,43.73356205,12.5,1363159,0.0
2020.0,6.0,6.176289,46.205733,14.2,422153,0.0
2020.0,4.0,-117.2980967,33.0478913,12.1,21580827,0.320754716981132
2019.0,11.0,120.51967,18.155691,24.6,13482468,0.0
2019.0,8.0,-80.9271271,29.0258132,23.8,279668,0.0377358490566037
2019.0,7.0,153.1039088686623,-26.82391545,18.4,447692,0.0566037735849056
2019.0,7.0,-77.1264057,26.6761376,23.3,279668,0.0
2019.0,6.0,-80.9271271,29.0258132,21.8,279668,0.0377358490566037
2017.0,8.0,-70.5551593,41.5497635,23.8,1363159,0.0188679245283018
2017.0,7.0,2.192565,41.597925,16.9,22614,0.0
2017.0,1.0,-18.673522,64.779262,3.0,216364,0.0
2017.0,4.0,-81.40284284733937,30.37095535,17.8,279668,0.0
2016.0,6.0,-79.9406093,32.6549967,21.8,5206593,0.0
2016.0,2.0,-2.4134281,51.5403113,7.0,9046485,0.0
2015.0,10.0,-157.714611,21.388828,22.7,30661,0.0
2015.0,7.0,-117.2740777,32.8401623,17.6,21580827,0.320754716981132
2015.0,7.0,-78.64201006223487,26.51291085,23.3,279668,0.0188679245283018
2015.0,5.0,-80.6102592,28.3194741,19.8,279668,0.0377358490566037
2015.0,2.0,153.613419,-28.652511,25.3,447692,0.0
2014.0,11.0,115.75123698626902,-32.06002855,20.4,281135,0.0
2014.0,9.0,1.1440411,41.0768193,17.2,22614,0.0
2014.0,8.0,-81.398696,30.3344077,23.8,279668,0.0
2014.0,8.0,-0.1290929,38.5406255,18.0,2693542,0.0
2014.0,7.0,-78.512231,33.880728,23.3,5206593,0.0
2014.0,7.0,-156.386388,20.9202778,24.2,0,0.0
2014.0,5.0,-80.72248319561183,32.158801,19.8,5206593,0.0
2013.0,11.0,11.128264,47.836411,14.6,5470,0.0
2013.0,10.0,14.424117,49.896261,16.0,1291552,0.0
2013.0,9.0,-85.6545729,30.1600827,23.3,2136468,0.0188679245283018
2013.0,7.0,-78.22069415143268,27.1435,23.3,279668,0.0
2012.0,9.0,14.241523,53.09975,17.5,3552123,0.0
2012.0,4.0,-4.880829,55.872292,7.2,27171,0.0
2012.0,3.0,114.1638162,-27.7109989,25.1,281135,0.0
2011.0,10.0,-124.053442,44.636755,12.5,21580827,0.0
2011.0,9.0,37.0736,-1.035921,24.2,4385853,0.0
2011.0,8.0,131.3924115,42.8606833,23.8,3037862,0.0
2011.0,2.0,-3.4146801,50.6190962,7.0,34386,0.0
2011.0,1.0,153.569837,-28.2777355,25.1,447692,0.0
2010.0,11.0,121.629116,25.100385,22.5,2705791,0.0
2010.0,7.0,-78.8900409,33.6956461,23.3,5206593,0.0
2010.0,7.0,-15.691214504557774,28.1523721,21.1,232388,0.0
2022.0,11.0,-117.27013340390904,32.973039,14.1,21580827,0.320754716981132
2022.0,9.0,23.378321773473285,-34.05802435,14.3,4430367,0.1132075471698113
2021.0,5.0,72.98801802102261,19.14613565,22.3,28513682,0.0
2020.0,7.0,-148.1674478349983,-15.0137731,19.0,136005,0.0
2020.0,6.0,-75.0824635,38.7641675,21.8,5206593,0.0
2019.0,12.0,150.76933361779624,-34.58647365,21.5,447692,0.0
2019.0,10.0,153.14713569381456,-26.9925658,19.9,447692,0.0566037735849056
2019.0,9.0,-79.7880359,32.7867697,23.3,5206593,0.0
2019.0,5.0,-123.06787770071176,38.35705175,12.6,21580827,0.0377358490566037
2019.0,4.0,114.17477440214856,22.24532865,21.4,7428887,0.0
2019.0,3.0,-101.7212243,17.7801832,18.1,21580827,0.0
2018.0,11.0,153.13597137460877,-26.793456,21.9,447692,0.0566037735849056
2018.0,10.0,173.7496612,-35.9491427,17.2,411346,0.0566037735849056
2018.0,8.0,-77.995528,33.8618933,23.8,5206593,0.0
2018.0,2.0,153.12189732459677,-26.68113375,25.9,447692,0.0
2017.0,9.0,-15.6062305376665,27.9580004,21.1,232388,0.0
2017.0,8.0,-80.16071626913461,27.18588305,23.8,279668,0.2452830188679245
2017.0,6.0,-80.69492145170693,32.1933234,21.8,5206593,0.0
2017.0,5.0,56.3478105,25.3491721,20.5,1419699,0.0
2017.0,4.0,-117.5736037,33.3803575,12.1,21580827,0.0188679245283018
2017.0,4.0,-122.010959,37.404789,10.9,21580827,0.0
2017.0,4.0,-80.5603303,28.0683496,17.8,279668,0.0377358490566037
2017.0,4.0,153.2539994,-27.2397819,23.9,447692,0.0377358490566037
2017.0,3.0,-121.9010668,36.7999557,9.4,21580827,0.7169811320754716
2016.0,12.0,-80.9271271,29.0258132,17.8,279668,0.0377358490566037
2016.0,10.0,125.7652872,6.9072528,29.9,11410,0.0
2016.0,9.0,114.98972680272396,-33.69738235,16.3,281135,0.0
2016.0,6.0,-80.58789799176321,28.1681896,21.8,279668,0.0377358490566037
2016.0,4.0,-80.9271271,29.0258132,17.8,279668,0.0377358490566037
2016.0,4.0,165.38872010423216,-21.60946295,25.4,197787,0.0188679245283018
2016.0,1.0,-80.124731,25.878625,16.3,279668,0.0188679245283018
2015.0,12.0,-18.673522,64.779262,4.5,216364,0.0
2015.0,8.0,-80.6102592,28.3194741,23.8,279668,0.0377358490566037
2015.0,6.0,-78.0827699,33.9046184,21.8,5206593,0.0
2015.0,1.0,153.42602,-27.99919,25.1,447692,0.0566037735849056
2014.0,11.0,-80.3030766163625,27.47869875,19.8,279668,0.0
2014.0,8.0,-74.541254,40.020771,23.8,5206593,0.0
2014.0,7.0,-120.6262599,35.1123109,17.0,21580827,0.0188679245283018
2014.0,6.0,137.254574,34.9991645,21.8,37468302,0.0
2013.0,8.0,-119.64898168655026,34.41760105,17.8,21580827,0.0943396226415094
2013.0,7.0,-78.3038892,33.9135061,23.3,5206593,0.0
2013.0,3.0,5.3852530899696855,43.18796685,9.6,38897,0.0
2012.0,9.0,-80.5603303,28.0683496,23.3,279668,0.0377358490566037
2012.0,8.0,-87.6893826,30.2711224,23.8,2136468,0.0
2012.0,6.0,146.794109,-43.6212171,14.8,447692,0.0
2012.0,5.0,-81.655651,30.3321838,19.8,279668,0.0
2011.0,9.0,55.2265631,-21.0309795,18.2,147209,0.0188679245283018
2011.0,8.0,55.7002776,-4.29311,22.8,28091,0.0
2011.0,6.0,-117.52491479699032,33.3488871,16.1,21580827,0.0188679245283018
2010.0,11.0,8.241549,50.0792895,11.0,119752,0.0
2010.0,10.0,11.128264,47.836411,16.6,5470,0.0
2010.0,7.0,-120.641288,35.1427436,17.0,21580827,0.0188679245283018
2010.0,4.0,-159.5091667,22.21,18.4,30661,0.0
2010.0,4.0,34.295447,27.8644422,17.0,20076002,0.0
2022.0,10.0,-9.67418,52.519458,12.1,1201426,0.0
2022.0,8.0,-78.8900409,33.6956461,23.8,5206593,0.0
2022.0,7.0,-80.9271271,29.0258132,23.3,279668,0.0377358490566037
2022.0,6.0,-121.917794,36.6211149,14.9,21580827,0.0
2022.0,5.0,115.0259595,-33.6395258,19.8,281135,0.0
2022.0,3.0,120.85,17.58333,21.1,13482468,0.0
2022.0,2.0,-109.5201077,26.7040793,12.8,21580827,0.0
2022.0,1.0,31.053454,-29.587147,22.5,201851,0.0
2021.0,7.0,115.520527090648,-32.007009499999995,16.9,281135,0.0
2021.0,7.0,-80.9271271,29.0258132,23.3,279668,0.0377358490566037
2021.0,6.0,113.7643275,-23.1788885,21.1,10516927,0.0754716981132075
2021.0,5.0,-156.43877714138904,20.9004973,20.7,0,0.0
2021.0,3.0,115.0259595,-33.6395258,23.3,281135,0.0
2021.0,2.0,125.625513,7.078663,23.9,13482468,0.0
2021.0,1.0,176.2848441,-37.6972583,22.1,411346,0.0
2020.0,7.0,-77.537610305919,26.94674895,23.3,279668,0.0
2020.0,6.0,170.817972,-45.016997,14.5,411346,0.0
2020.0,6.0,-76.537712,44.370297,11.0,1363159,0.0
2019.0,11.0,-111.9736021,24.6249712,16.8,21580827,0.0
2019.0,7.0,-78.512231,33.880728,23.3,5206593,0.0
2019.0,7.0,-81.4600909,30.6077379,23.3,279668,0.0
2019.0,6.0,-77.995528,33.8618933,21.8,5206593,0.0
2018.0,7.0,4.815477131048853,44.14103565,16.3,38897,0.0
2017.0,11.0,-80.4970188,27.9462734,19.8,279668,0.0377358490566037
2017.0,10.0,-80.052166,26.5865308,21.8,279668,0.1320754716981132
2017.0,5.0,-92.50806,17.83556,21.6,22964,0.0
2017.0,2.0,8.01993,58.176302,7.0,1012225,0.0
2017.0,2.0,115.65190987935016,-32.580561700000004,24.1,281135,0.0
2017.0,2.0,-80.5603303,28.0683496,15.8,279668,0.0377358490566037
2017.0,1.0,-80.3975399,27.6387163,16.3,279668,0.0
2017.0,1.0,149.909846,-36.8882027,22.4,447692,0.0188679245283018
2016.0,8.0,7.8000899,50.3148917,15.0,119752,0.0
2016.0,8.0,-80.9271271,29.0258132,23.8,279668,0.0377358490566037
2016.0,7.0,-80.9271271,29.0258132,23.3,279668,0.0377358490566037
2016.0,6.0,-77.0580759,34.6554744,21.8,5206593,0.0
2016.0,5.0,115.65190987935016,-32.580561700000004,20.1,281135,0.0
2016.0,5.0,-82.6359078,27.7700475,19.8,2136468,0.0377358490566037
2016.0,2.0,-48.58776831281135,-27.04926805,24.9,3222199,0.0
2015.0,11.0,35.310326824828735,-23.86996285,20.8,1101771,0.0188679245283018
2015.0,9.0,152.5019444,-32.0713889,16.9,447692,0.0
2015.0,1.0,-80.40432804648825,27.8108585,16.3,279668,0.0377358490566037
2014.0,11.0,-122.360111,37.1498114,12.9,21580827,0.0
2014.0,10.0,-155.81489481229508,20.23779785,23.0,0,0.0377358490566037
2014.0,9.0,-121.85945593041086,36.92759645,16.4,21580827,0.7169811320754716
2014.0,6.0,-80.1433786,26.1223084,21.8,279668,0.0188679245283018
2014.0,5.0,-80.558729,28.067711,19.8,279668,0.0377358490566037
2013.0,10.0,151.3000717943792,-33.717511849999994,17.8,447692,0.0
2013.0,10.0,-159.36308,22.21165,22.4,30661,0.0
2012.0,11.0,-107.4327347,24.8257238,19.8,21580827,0.0
2012.0,6.0,9.573551,39.420945,16.0,2290777,0.0
2012.0,5.0,-101.983434,17.9735693,21.6,21580827,0.0
2012.0,3.0,-80.9271271,29.0258132,16.3,279668,0.0377358490566037
2012.0,1.0,-124.0159522,44.9617922,7.0,21580827,0.0
2011.0,11.0,-61.698147,16.3327353,22.2,58397,0.0
2011.0,10.0,-121.8091734,36.6987342,14.9,21580827,0.0
2011.0,10.0,-82.357665,27.516462,21.8,2136468,0.1698113207547169
2011.0,6.0,-80.037993,26.6915,21.8,279668,0.1320754716981132
2011.0,6.0,2.1742344668142093,41.3788246,15.7,22614,0.0
2011.0,1.0,-110.98203134657057,18.79274175,14.8,21580827,0.0188679245283018
2010.0,11.0,119.3628837,-34.4552524,19.8,447692,0.0
2010.0,9.0,-80.9271271,29.0258132,23.3,279668,0.0377358490566037
2010.0,8.0,152.9761111,-31.19,16.7,447692,0.0188679245283018
2022.0,10.0,118.5801181,-20.3111814,22.0,281135,0.0
2021.0,10.0,-80.3030766163625,27.47869875,21.8,279668,0.0
2021.0,10.0,-80.25567726584178,27.22089615,21.8,279668,0.0
2021.0,5.0,-80.69492145170693,32.1933234,19.8,5206593,0.0
2021.0,5.0,16.31611,44.04583,15.8,342577,0.0
2021.0,5.0,-4.538555,54.247224,11.0,27171,0.0
2021.0,3.0,-80.5894422,27.7041555,16.3,279668,0.0
2021.0,1.0,114.998745,-33.859093,23.3,281135,0.0
2020.0,10.0,-81.0557921,29.2854132,21.8,279668,0.0188679245283018
2020.0,10.0,174.771171,-36.844632,16.9,411346,0.0
2020.0,8.0,-86.290826,41.609421,23.8,5206593,0.0
2020.0,2.0,175.86657417327575,-37.01341415,22.9,411346,0.0188679245283018
2019.0,12.0,6.769298,52.294415,9.0,1131690,0.0
2019.0,11.0,-149.61578,-17.610015,21.6,136005,0.0188679245283018
2019.0,8.0,-80.9271271,29.0258132,23.8,279668,0.0377358490566037
2019.0,8.0,-80.165652,25.69119,23.8,279668,0.0566037735849056
2019.0,2.0,153.011883,-30.495284,25.0,447692,0.0
2019.0,1.0,168.2305268,-46.4387778,19.7,411346,0.0377358490566037
2018.0,10.0,-82.731589,35.232996,21.8,5206593,0.0
2018.0,7.0,9.9677354,49.7892957,14.5,119752,0.0
2018.0,6.0,-117.3794834,33.1958696,16.1,21580827,0.320754716981132
2017.0,9.0,-73.851787,40.57629,23.3,5206593,0.0188679245283018
2017.0,7.0,27.946558,-32.994123,14.6,201851,0.0188679245283018
2017.0,6.0,-80.9369983,29.0963729,21.8,279668,0.0377358490566037
2017.0,3.0,-76.52078513640123,24.2707658,16.3,279668,0.0
2017.0,1.0,149.46972549723122,-22.055728,26.9,366862,0.0
2016.0,12.0,114.16667,-21.86667,25.4,10516927,0.0377358490566037
2016.0,9.0,164.2811715,-20.5613596,20.2,197787,0.0
2016.0,7.0,-78.6800323,33.8278405,23.3,5206593,0.0
2016.0,6.0,20.32919,-34.60931,13.5,4430367,0.0
2016.0,4.0,-115.130815,36.252476,11.2,21580827,0.0
2016.0,1.0,150.9053936,-23.1525115,26.6,447692,0.0188679245283018
2015.0,12.0,151.61098690621913,-33.0657425,22.1,447692,0.1509433962264151
2015.0,11.0,-80.57537687455363,28.12303205,19.8,279668,0.0377358490566037
2015.0,10.0,-128.469721,54.487976,9.8,1363159,0.0
2015.0,7.0,153.5832729,-28.8595562,17.8,447692,0.0
2015.0,6.0,-80.9828323,29.1760933,21.8,279668,0.0377358490566037
2015.0,6.0,-0.8424899,45.9477939,14.2,34386,0.0
2015.0,1.0,150.471507,-35.3194144,23.0,447692,0.0
2014.0,11.0,115.731017,-31.734733,20.4,281135,0.0
2014.0,10.0,152.5633333,-31.9902778,18.4,447692,0.0
2014.0,10.0,-80.7512616,32.1618488,21.8,5206593,0.0
2014.0,10.0,-58.793427,-34.567743,16.5,14966530,0.0
2014.0,8.0,18.484570761750607,-34.0978389,11.8,4430367,0.0
2014.0,6.0,150.75398192278212,-34.83706065,17.5,447692,0.0
2014.0,1.0,151.3094444,-33.5177778,23.3,447692,0.0
2013.0,11.0,-124.0346728,44.8789911,10.5,21580827,0.0
2013.0,10.0,-124.082313,40.835895,13.7,21580827,0.0
2013.0,6.0,-124.0608624816892,41.676868299999995,13.4,21580827,0.0
2013.0,5.0,34.360007,31.4432234,18.7,907062,0.0
2013.0,3.0,11.6303566,48.214252,11.1,5470,0.0
2013.0,3.0,-18.673522,64.779262,3.0,216364,0.0
2012.0,11.0,-80.5603303,28.0683496,19.8,279668,0.0377358490566037
2012.0,9.0,-80.9271271,29.0258132,23.3,279668,0.0377358490566037
2012.0,8.0,133.96771,-19.54284,20.0,281135,0.0
2012.0,6.0,-81.44705548790323,24.664590500000003,21.8,2136468,0.0188679245283018
2012.0,6.0,-80.83783,28.9491539,21.8,279668,0.0377358490566037
2012.0,3.0,-70.206732,43.587973,5.5,1363159,0.0
2012.0,2.0,153.470325,-28.121935,25.6,447692,0.0566037735849056
2011.0,8.0,-81.24230475946248,29.738289,23.8,279668,0.0188679245283018
2011.0,5.0,23.371219141913983,-34.080205,17.8,4430367,0.1132075471698113
2011.0,2.0,25.74608699870774,-33.66221045,21.8,201851,0.0
2010.0,2.0,-80.2519175,27.197983,15.8,279668,0.0
2022.0,11.0,-80.13991799627857,27.080492,19.8,279668,0.2452830188679245
2022.0,8.0,-95.645565,43.948575,13.0,1363159,0.0
2022.0,6.0,-83.5938806,29.8252983,21.8,2136468,0.0
2021.0,8.0,-75.0847659,38.3348728,23.8,5206593,0.0
2020.0,9.0,-80.9369983,29.0963729,23.3,279668,0.0377358490566037
2020.0,6.0,-80.4759905,25.4718946,21.8,279668,0.0
2019.0,12.0,151.70825447669318,-23.29589265,25.1,447692,0.0188679245283018
2019.0,9.0,-80.5900519,28.1761233,23.3,279668,0.0377358490566037
2019.0,9.0,-158.111563,21.586206,23.9,30661,0.2075471698113207
2019.0,8.0,-80.9271271,29.0258132,23.8,279668,0.0377358490566037
2019.0,5.0,-109.403884,-27.1134,18.9,10390607,0.0
2019.0,3.0,-157.4815,21.2382,17.2,30661,0.0
2018.0,10.0,118.9,-30.61667,18.7,281135,0.0
2018.0,9.0,148.956176,-20.351821,20.5,366862,0.1698113207547169
2018.0,5.0,-80.9315,29.100094,19.8,279668,0.0377358490566037
2018.0,4.0,166.4722804730436,-22.2660508,25.4,197787,0.0
2018.0,1.0,-7.6101833,37.1323503,12.3,2927316,0.0
2017.0,9.0,14.241523,53.09975,17.5,3552123,0.0
2017.0,9.0,-81.0903512,24.7137524,23.3,2136468,0.0377358490566037
2017.0,7.0,-119.828903,34.415108,17.3,21580827,0.0
2017.0,7.0,-122.0294673,36.9743626,16.4,21580827,0.7169811320754716
2017.0,6.0,-74.180857,41.320776,21.8,5206593,0.0
2017.0,4.0,-79.9406093,32.6549967,17.8,5206593,0.0
2017.0,4.0,-159.74243625329257,21.9746981,18.4,30661,0.0
2016.0,11.0,144.6612949,-38.2671132,18.6,447692,0.0
2016.0,10.0,-80.9271271,29.0258132,21.8,279668,0.0377358490566037
2016.0,9.0,125.7652872,6.9072528,31.4,11410,0.0
2016.0,7.0,-121.954057,36.9762927,16.4,21580827,0.7169811320754716
2016.0,4.0,-81.5831421,24.6670875,17.8,2136468,0.0188679245283018
2016.0,3.0,-79.7462653,45.1586226,5.5,1363159,0.0
2015.0,12.0,151.2724119,-33.8906977,21.8,447692,0.2830188679245283
2015.0,12.0,-32.37861623300567,-3.8545643,29.8,4469585,0.0
2015.0,11.0,-80.6102592,28.3194741,19.8,279668,0.0377358490566037
2015.0,7.0,-63.2849139,10.6544136,27.2,544417,0.0
2015.0,7.0,-118.0000166,33.6783336,17.3,21580827,0.0377358490566037
2015.0,6.0,-81.8609446,36.0509611,21.8,5206593,0.0
2015.0,6.0,115.520527090648,-32.007009499999995,18.4,281135,0.0
2015.0,6.0,10.3333283,55.670249,13.0,1320826,0.0
2015.0,5.0,-80.6102592,28.3194741,19.8,279668,0.0377358490566037
2015.0,4.0,-81.733757,25.9351352,17.8,2136468,0.0943396226415094
2014.0,9.0,153.62735815483552,-28.6397283,17.8,447692,0.0
2014.0,8.0,-80.9271271,29.0258132,23.8,279668,0.0377358490566037
2014.0,8.0,-80.62557,28.337169,23.8,279668,0.0377358490566037
2014.0,6.0,-94.9093656,29.217739,21.8,21580827,0.0754716981132075
2014.0,3.0,144.339183,-38.22756,22.1,447692,0.0
2014.0,2.0,137.6877757,-35.0747847,23.5,447692,0.0377358490566037
2013.0,4.0,115.8605855,-31.9558933,22.4,281135,0.0
2013.0,2.0,-88.840602,36.352942,15.8,5206593,0.0
2013.0,1.0,-18.673522,64.779262,3.0,216364,0.0
2012.0,12.0,-80.25567726584178,27.22089615,17.8,279668,0.0
2012.0,10.0,144.703361,43.018495,21.8,37468302,0.0
2012.0,9.0,-80.6102592,28.3194741,23.3,279668,0.0377358490566037
2012.0,6.0,-78.8900409,33.6956461,21.8,5206593,0.0
2012.0,3.0,-80.25567726584178,27.22089615,16.3,279668,0.0
2012.0,3.0,-70.3980033,-23.6463741,20.3,1814087,0.0
2011.0,10.0,8.143831606479171,53.513133749999994,13.0,1131690,0.0
2011.0,7.0,-71.492485,-31.900491,10.9,6680371,0.0
2010.0,12.0,34.4156137,27.9648318,17.0,20076002,0.0
2010.0,10.0,34.295447,27.8644422,21.0,20076002,0.0
2010.0,2.0,149.2280792230543,-21.07027105,27.7,366862,0.0188679245283018
